0.0, -17.18780924897854, 0.08316449544459928,0.03723324794839538,0.26338844995168337,0.6205893418281136,0.0,0.00029652275105966814,
0.023205, -17.1952201538315, 0.0, 0.0, 0.0, 0.0, 0.0, 0.0,
0.04641, -17.21724532382483, 0.0, 0.0, 0.0, 0.0, 0.0, 0.0,
0.069615, -17.25386582870284, 0.0, 0.0, 0.0, 0.0, 0.0, 0.0,
0.09282, -17.30475146667676, 0.0, 0.0, 0.0, 0.0, 0.0, 0.0,
0.116025, -17.3696161748210, 0.0, 0.0, 0.0, 0.0, 0.0, 0.0,
0.13923, -17.44710930506118, 0.0, 0.0, 0.0, 0.0, 0.0, 0.0,
0.162435, -17.53589040784235, 0.0, 0.0, 0.0, 0.0, 0.0, 0.0,
0.18564, -17.63383526791657, 0.0, 0.0, 0.0, 0.0, 0.0, 0.0,
0.208845, -17.73824726779518, 0.0, 0.0, 0.0, 0.0, 0.0, 0.0,
0.23205, -17.84627022044351, 0.0, 0.0, 0.0, 0.0, 0.0, 0.0,
0.255255, -17.95476250131280, 0.0, 0.0, 0.0, 0.0, 0.0, 0.0,
0.27846, -18.0606163023942, 0.0, 0.0, 0.0, 0.0, 0.0, 0.0,
0.301665, -18.16089647941126, 0.0, 0.0, 0.0, 0.0, 0.0, 0.0,
0.32487, -18.2530126918614, 0.0, 0.0, 0.0, 0.0, 0.0, 0.0,
0.348075, -18.33468812901202, 0.0, 0.0, 0.0, 0.0, 0.0, 0.0,
0.37128, -18.4039910294136, 0.0, 0.0, 0.0, 0.0, 0.0, 0.0,
0.394485, -18.4594392021300, 0.0, 0.0, 0.0, 0.0, 0.0, 0.0,
0.41769, -18.4997733905058, 0.0, 0.0, 0.0, 0.0, 0.0, 0.0,
0.440895, -18.52426790851014, 0.0, 0.0, 0.0, 0.0, 0.0, 0.0,
0.4641, -18.53251294728517, 0.372538726915868,1.1830883046514339e-12,4.142198742732582e-11,0.6268734902611546,4.725326514899863e-12,0.0,
0.490895, -18.52154368225933, 0.0, 0.0, 0.0, 0.0, 0.0, 0.0,
0.51769, -18.48885396174597, 0.0, 0.0, 0.0, 0.0, 0.0, 0.0,
0.544485, -18.43507136622572, 0.0, 0.0, 0.0, 0.0, 0.0, 0.0,
0.57128, -18.3613040445060, 0.0, 0.0, 0.0, 0.0, 0.0, 0.0,
0.598075, -18.26920344364507, 0.0, 0.0, 0.0, 0.0, 0.0, 0.0,
0.62487, -18.1609950229378, 0.0, 0.0, 0.0, 0.0, 0.0, 0.0,
0.651665, -18.03936291603983, 0.0, 0.0, 0.0, 0.0, 0.0, 0.0,
0.6784600000000001, -17.90765882687249, 0.0, 0.0, 0.0, 0.0, 0.0, 0.0,
0.7052550000000001, -17.76971325540368, 0.0, 0.0, 0.0, 0.0, 0.0, 0.0,
0.7320500000000001, -17.62969925209157, 0.0, 0.0, 0.0, 0.0, 0.0, 0.0,
0.758845, -17.49234122469171, 0.0, 0.0, 0.0, 0.0, 0.0, 0.0,
0.7856400000000001, -17.36175586293312, 0.0, 0.0, 0.0, 0.0, 0.0, 0.0,
0.812435, -17.24183225429968, 0.0, 0.0, 0.0, 0.0, 0.0, 0.0,
0.83923, -17.13556450854310, 0.0, 0.0, 0.0, 0.0, 0.0, 0.0,
0.866025, -17.04515275494762, 0.0, 0.0, 0.0, 0.0, 0.0, 0.0,
0.8928200000000001, -16.9715306823464, 0.0, 0.0, 0.0, 0.0, 0.0, 0.0,
0.9196150000000001, -16.91489211196499, 0.0, 0.0, 0.0, 0.0, 0.0, 0.0,
0.9464100000000001, -16.87498288873830, 0.0, 0.0, 0.0, 0.0, 0.0, 0.0,
0.9732050000000001, -16.8513984239658, 0.0, 0.0, 0.0, 0.0, 0.0, 0.0,
1.0, -16.8435780281809, 1.6692583505213986e-12,0.07448355106070641,0.35371986877341804,0.571561697422546,2.3358547834351402e-6,5.57916701937005e-7,


0.0, -17.18679916269946, 0.08319137107809652,0.037226009148568065,0.26356673329337676,0.620396769102468,0.0,0.0002965237511345412,
0.023205, -17.19420893772926, 0.0, 0.0, 0.0, 0.0, 0.0, 0.0,
0.04641, -17.21623205051728, 0.0, 0.0, 0.0, 0.0, 0.0, 0.0,
0.069615, -17.25285052193521, 0.0, 0.0, 0.0, 0.0, 0.0, 0.0,
0.09282, -17.30373568665765, 0.0, 0.0, 0.0, 0.0, 0.0, 0.0,
0.116025, -17.3686030907763, 0.0, 0.0, 0.0, 0.0, 0.0, 0.0,
0.13923, -17.44610363087492, 0.0, 0.0, 0.0, 0.0, 0.0, 0.0,
0.162435, -17.5348978278882, 0.0, 0.0, 0.0, 0.0, 0.0, 0.0,
0.18564, -17.6328617426034, 0.0, 0.0, 0.0, 0.0, 0.0, 0.0,
0.208845, -17.7372981016438, 0.0, 0.0, 0.0, 0.0, 0.0, 0.0,
0.23205, -17.8453496647213, 0.0, 0.0, 0.0, 0.0, 0.0, 0.0,
0.255255, -17.953873145982, 0.0, 0.0, 0.0, 0.0, 0.0, 0.0,
0.27846, -18.05975907605365, 0.0, 0.0, 0.0, 0.0, 0.0, 0.0,
0.301665, -18.16007078783013, 0.0, 0.0, 0.0, 0.0, 0.0, 0.0,
0.32487, -18.2522164973974, 0.0, 0.0, 0.0, 0.0, 0.0, 0.0,
0.348075, -18.33391836500494, 0.0, 0.0, 0.0, 0.0, 0.0, 0.0,
0.37128, -18.40324390033598, 0.0, 0.0, 0.0, 0.0, 0.0, 0.0,
0.394485, -18.45871033288211, 0.0, 0.0, 0.0, 0.0, 0.0, 0.0,
0.41769, -18.499058105093, 0.0, 0.0, 0.0, 0.0, 0.0, 0.0,
0.440895, -18.5235612265126, 0.0, 0.0, 0.0, 0.0, 0.0, 0.0,
0.4641, -18.53180973373607, 0.3727351898976392,4.009832419728692e-13,1.175969794549427e-10,0.6266763451368965,3.41774872070091e-10,2.2489711731841623e-13,
0.490895, -18.52083560088790, 0.0, 0.0, 0.0, 0.0, 0.0, 0.0,
0.51769, -18.48813410705332, 0.0, 0.0, 0.0, 0.0, 0.0, 0.0,
0.544485, -18.4343329686870, 0.0, 0.0, 0.0, 0.0, 0.0, 0.0,
0.57128, -18.36054053076902, 0.0, 0.0, 0.0, 0.0, 0.0, 0.0,
0.598075, -18.2684086465493, 0.0, 0.0, 0.0, 0.0, 0.0, 0.0,
0.62487, -18.16016345598151, 0.0, 0.0, 0.0, 0.0, 0.0, 0.0,
0.651665, -18.0384902780961, 0.0, 0.0, 0.0, 0.0, 0.0, 0.0,
0.6784600000000001, -17.90674247954996, 0.0, 0.0, 0.0, 0.0, 0.0, 0.0,
0.7052550000000001, -17.76875282980743, 0.0, 0.0, 0.0, 0.0, 0.0, 0.0,
0.7320500000000001, -17.62869714799434, 0.0, 0.0, 0.0, 0.0, 0.0, 0.0,
0.758845, -17.49130264209940, 0.0, 0.0, 0.0, 0.0, 0.0, 0.0,
0.7856400000000001, -17.360688647538, 0.0, 0.0, 0.0, 0.0, 0.0, 0.0,
0.812435, -17.24074584666031, 0.0, 0.0, 0.0, 0.0, 0.0, 0.0,
0.83923, -17.134468563639, 0.0, 0.0, 0.0, 0.0, 0.0, 0.0,
0.866025, -17.04405563044674, 0.0, 0.0, 0.0, 0.0, 0.0, 0.0,
0.8928200000000001, -16.9704382881094, 0.0, 0.0, 0.0, 0.0, 0.0, 0.0,
0.9196150000000001, -16.9138073322102, 0.0, 0.0, 0.0, 0.0, 0.0, 0.0,
0.9464100000000001, -16.8739057825978, 0.0, 0.0, 0.0, 0.0, 0.0, 0.0,
0.9732050000000001, -16.850326791516, 0.0, 0.0, 0.0, 0.0, 0.0, 0.0,
1.0, -16.8425083025979, 6.858826018147807e-11,0.0744852849036848,0.35390551755568733,0.5713741192746552,2.3426075998879086e-6,5.585235233001009e-7,


0.0, -8.10681328371013, 0.3227451397069298,0.20050924038504087,6.529881272596225e-6,0.00029812058247318267,0.4788490226290311,0.001267525177470631,
0.023205, -8.05141342843266, 0.0, 0.0, 0.0, 0.0, 0.0, 0.0,
0.04641, -7.889978248940364, 0.0, 0.0, 0.0, 0.0, 0.0, 0.0,
0.069615, -7.63517459873259, 0.0, 0.0, 0.0, 0.0, 0.0, 0.0,
0.09282, -7.30248995652539, 0.0, 0.0, 0.0, 0.0, 0.0, 0.0,
0.116025, -6.90761272124537, 0.0, 0.0, 0.0, 0.0, 0.0, 0.0,
0.13923, -6.46366459216738, 0.0, 0.0, 0.0, 0.0, 0.0, 0.0,
0.162435, -5.98163576923284, 0.0, 0.0, 0.0, 0.0, 0.0, 0.0,
0.18564, -5.47073067844606, 0.0, 0.0, 0.0, 0.0, 0.0, 0.0,
0.208845, -4.938168961301899, 0.0, 0.0, 0.0, 0.0, 0.0, 0.0,
0.23205, -4.39102225894408, 0.0, 0.0, 0.0, 0.0, 0.0, 0.0,
0.255255, -3.83538844107289, 0.0, 0.0, 0.0, 0.0, 0.0, 0.0,
0.27846, -3.277382146061114, 0.0, 0.0, 0.0, 0.0, 0.0, 0.0,
0.301665, -2.72327247602383, 0.0, 0.0, 0.0, 0.0, 0.0, 0.0,
0.32487, -2.18017406907094, 0.0, 0.0, 0.0, 0.0, 0.0, 0.0,
0.348075, -1.65682334796174, 0.0, 0.0, 0.0, 0.0, 0.0, 0.0,
0.37128, -1.164794015403435, 0.0, 0.0, 0.0, 0.0, 0.0, 0.0,
0.394485, -0.721346151165266, 0.0, 0.0, 0.0, 0.0, 0.0, 0.0,
0.41769, -0.3531515315172255, 0.0, 0.0, 0.0, 0.0, 0.0, 0.0,
0.440895, -0.1003068265056794, 0.0, 0.0, 0.0, 0.0, 0.0, 0.0,
0.4641, -0.01578817840408719, 2.023616716859857e-9,0.0357858744894605,0.09098485653476791,5.088841958475398e-10,0.8708842961265781,0.0013970540607577523,
0.490895, -0.1031879018665471, 0.0, 0.0, 0.0, 0.0, 0.0, 0.0,
0.51769, -0.356490188665667, 0.0, 0.0, 0.0, 0.0, 0.0, 0.0,
0.544485, -0.712303809118389, 0.0, 0.0, 0.0, 0.0, 0.0, 0.0,
0.57128, -1.125139030463111, 0.0, 0.0, 0.0, 0.0, 0.0, 0.0,
0.598075, -1.56776736551115, 0.0, 0.0, 0.0, 0.0, 0.0, 0.0,
0.62487, -2.025074600363587, 0.0, 0.0, 0.0, 0.0, 0.0, 0.0,
0.651665, -2.488460815468509, 0.0, 0.0, 0.0, 0.0, 0.0, 0.0,
0.6784600000000001, -2.953332957899820, 0.0, 0.0, 0.0, 0.0, 0.0, 0.0,
0.7052550000000001, -3.416599865196167, 0.0, 0.0, 0.0, 0.0, 0.0, 0.0,
0.7320500000000001, -3.87585861431692, 0.0, 0.0, 0.0, 0.0, 0.0, 0.0,
0.758845, -4.32907314114039, 0.0, 0.0, 0.0, 0.0, 0.0, 0.0,
0.7856400000000001, -4.77311615342776, 0.0, 0.0, 0.0, 0.0, 0.0, 0.0,
0.812435, -5.20376202276045, 0.0, 0.0, 0.0, 0.0, 0.0, 0.0,
0.83923, -5.615067863299433, 0.0, 0.0, 0.0, 0.0, 0.0, 0.0,
0.866025, -5.99922229265349, 0.0, 0.0, 0.0, 0.0, 0.0, 0.0,
0.8928200000000001, -6.34518603657018, 0.0, 0.0, 0.0, 0.0, 0.0, 0.0,
0.9196150000000001, -6.63975165677354, 0.0, 0.0, 0.0, 0.0, 0.0, 0.0,
0.9464100000000001, -6.86727327726636, 0.0, 0.0, 0.0, 0.0, 0.0, 0.0,
0.9732050000000001, -7.01204774796972, 0.0, 0.0, 0.0, 0.0, 0.0, 0.0,
1.0, -7.06197561148879, 0.4502455697548713,5.48750781879162e-7,0.08029951552143487,5.906241974526746e-11,0.46468355845422926,0.0038862124129948957,


0.0, -8.10621564619300, 0.3225343391542596,0.20033342207254246,6.529655740714697e-6,0.0002936449082142481,0.4792544072508887,0.001264568248490517,
0.023205, -8.05084175696092, 0.0, 0.0, 0.0, 0.0, 0.0, 0.0,
0.04641, -7.88949575011241, 0.0, 0.0, 0.0, 0.0, 0.0, 0.0,
0.069615, -7.63482795211025, 0.0, 0.0, 0.0, 0.0, 0.0, 0.0,
0.09282, -7.30230750874749, 0.0, 0.0, 0.0, 0.0, 0.0, 0.0,
0.116025, -6.90757167738195, 0.0, 0.0, 0.0, 0.0, 0.0, 0.0,
0.13923, -6.46346281473113, 0.0, 0.0, 0.0, 0.0, 0.0, 0.0,
0.162435, -5.98123898176937, 0.0, 0.0, 0.0, 0.0, 0.0, 0.0,
0.18564, -5.4701344692144, 0.0, 0.0, 0.0, 0.0, 0.0, 0.0,
0.208845, -4.93737080527467, 0.0, 0.0, 0.0, 0.0, 0.0, 0.0,
0.23205, -4.39001928108448, 0.0, 0.0, 0.0, 0.0, 0.0, 0.0,
0.255255, -3.834176418965615, 0.0, 0.0, 0.0, 0.0, 0.0, 0.0,
0.27846, -3.27595462830768, 0.0, 0.0, 0.0, 0.0, 0.0, 0.0,
0.301665, -2.721619372813474, 0.0, 0.0, 0.0, 0.0, 0.0, 0.0,
0.32487, -2.178279740486991, 0.0, 0.0, 0.0, 0.0, 0.0, 0.0,
0.348075, -1.65466429777157, 0.0, 0.0, 0.0, 0.0, 0.0, 0.0,
0.37128, -1.162337231901587, 0.0, 0.0, 0.0, 0.0, 0.0, 0.0,
0.394485, -0.7185514198119, 0.0, 0.0, 0.0, 0.0, 0.0, 0.0,
0.41769, -0.349992044081150, 0.0, 0.0, 0.0, 0.0, 0.0, 0.0,
0.440895, -0.0968682949382173, 0.0, 0.0, 0.0, 0.0, 0.0, 0.0,
0.4641, -0.01478740661068411, 5.621181465406533e-10,0.035755953091652234,0.09098248812384928,0.0,0.8709161411570623,0.001397151650896761,
0.490895, -0.0995983651534542, 0.0, 0.0, 0.0, 0.0, 0.0, 0.0,
0.51769, -0.3532447914422769, 0.0, 0.0, 0.0, 0.0, 0.0, 0.0,
0.544485, -0.70940398507114, 0.0, 0.0, 0.0, 0.0, 0.0, 0.0,
0.57128, -1.12252608709769, 0.0, 0.0, 0.0, 0.0, 0.0, 0.0,
0.598075, -1.56539312880351, 0.0, 0.0, 0.0, 0.0, 0.0, 0.0,
0.62487, -2.02290988746770, 0.0, 0.0, 0.0, 0.0, 0.0, 0.0,
0.651665, -2.486490752554578, 0.0, 0.0, 0.0, 0.0, 0.0, 0.0,
0.6784600000000001, -2.951550857954871, 0.0, 0.0, 0.0, 0.0, 0.0, 0.0,
0.7052550000000001, -3.415002314431184, 0.0, 0.0, 0.0, 0.0, 0.0, 0.0,
0.7320500000000001, -3.87444311539718, 0.0, 0.0, 0.0, 0.0, 0.0, 0.0,
0.758845, -4.3278357617024, 0.0, 0.0, 0.0, 0.0, 0.0, 0.0,
0.7856400000000001, -4.77205131050095, 0.0, 0.0, 0.0, 0.0, 0.0, 0.0,
0.812435, -5.20286209737469, 0.0, 0.0, 0.0, 0.0, 0.0, 0.0,
0.83923, -5.61432303274071, 0.0, 0.0, 0.0, 0.0, 0.0, 0.0,
0.866025, -5.99861956256218, 0.0, 0.0, 0.0, 0.0, 0.0, 0.0,
0.8928200000000001, -6.344707689928, 0.0, 0.0, 0.0, 0.0, 0.0, 0.0,
0.9196150000000001, -6.6393726854017, 0.0, 0.0, 0.0, 0.0, 0.0, 0.0,
0.9464100000000001, -6.86696118862388, 0.0, 0.0, 0.0, 0.0, 0.0, 0.0,
0.9732050000000001, -7.01176842898128, 0.0, 0.0, 0.0, 0.0, 0.0, 0.0,
1.0, -7.06170182404019, 0.450461389610076,5.545826444393512e-7,0.08028454792687699,1.630090789458311e-11,0.4644770341714695,0.0038915048023761022,


0.0, -1.259050208716019, 4.9194834771979586e-6,0.13672659384677993,0.060045717126022205,1.0453771926889122e-5,0.8009107583138854,0.001253199203017935,
0.023205, -1.252398397818879, 0.0, 0.0, 0.0, 0.0, 0.0, 0.0,
0.04641, -1.232443076883821, 0.0, 0.0, 0.0, 0.0, 0.0, 0.0,
0.069615, -1.199478414796279, 0.0, 0.0, 0.0, 0.0, 0.0, 0.0,
0.09282, -1.154147724775220, 0.0, 0.0, 0.0, 0.0, 0.0, 0.0,
0.116025, -1.097314719016359, 0.0, 0.0, 0.0, 0.0, 0.0, 0.0,
0.13923, -1.029779024595704, 0.0, 0.0, 0.0, 0.0, 0.0, 0.0,
0.162435, -0.952902629036925, 0.0, 0.0, 0.0, 0.0, 0.0, 0.0,
0.18564, -0.868164946779373, 0.0, 0.0, 0.0, 0.0, 0.0, 0.0,
0.208845, -0.777099909987111, 0.0, 0.0, 0.0, 0.0, 0.0, 0.0,
0.23205, -0.681745041872821, 0.0, 0.0, 0.0, 0.0, 0.0, 0.0,
0.255255, -0.58414856637509, 0.0, 0.0, 0.0, 0.0, 0.0, 0.0,
0.27846, -0.4867275749744981, 0.0, 0.0, 0.0, 0.0, 0.0, 0.0,
0.301665, -0.3917555406507682, 0.0, 0.0, 0.0, 0.0, 0.0, 0.0,
0.32487, -0.3022288698166657, 0.0, 0.0, 0.0, 0.0, 0.0, 0.0,
0.348075, -0.2206097602996499, 0.0, 0.0, 0.0, 0.0, 0.0, 0.0,
0.37128, -0.1493725045175737, 0.0, 0.0, 0.0, 0.0, 0.0, 0.0,
0.394485, -0.0911411660714693, 0.0, 0.0, 0.0, 0.0, 0.0, 0.0,
0.41769, -0.0476520374949760, 0.0, 0.0, 0.0, 0.0, 0.0, 0.0,
0.440895, -0.0203422781393622, 0.0, 0.0, 0.0, 0.0, 0.0, 0.0,
0.4641, -0.00420043704855199, 1.7023488396160608e-9,0.03274403026966359,0.09019614668435709,9.935739087439212e-10,0.8747689528227979,0.0013266086588290516,
0.490895, -0.0373203036524223, 0.0, 0.0, 0.0, 0.0, 0.0, 0.0,
0.51769, -0.1151869635144713, 0.0, 0.0, 0.0, 0.0, 0.0, 0.0,
0.544485, -0.239448755359519, 0.0, 0.0, 0.0, 0.0, 0.0, 0.0,
0.57128, -0.404663052298309, 0.0, 0.0, 0.0, 0.0, 0.0, 0.0,
0.598075, -0.603682635273720, 0.0, 0.0, 0.0, 0.0, 0.0, 0.0,
0.62487, -0.829044284594194, 0.0, 0.0, 0.0, 0.0, 0.0, 0.0,
0.651665, -1.07268552167238, 0.0, 0.0, 0.0, 0.0, 0.0, 0.0,
0.6784600000000001, -1.32723048504670, 0.0, 0.0, 0.0, 0.0, 0.0, 0.0,
0.7052550000000001, -1.585709352614780, 0.0, 0.0, 0.0, 0.0, 0.0, 0.0,
0.7320500000000001, -1.841703764596864, 0.0, 0.0, 0.0, 0.0, 0.0, 0.0,
0.758845, -2.089931917049887, 0.0, 0.0, 0.0, 0.0, 0.0, 0.0,
0.7856400000000001, -2.324967508976854, 0.0, 0.0, 0.0, 0.0, 0.0, 0.0,
0.812435, -2.54251197545852, 0.0, 0.0, 0.0, 0.0, 0.0, 0.0,
0.83923, -2.73882182165602, 0.0, 0.0, 0.0, 0.0, 0.0, 0.0,
0.866025, -2.910530991980026, 0.0, 0.0, 0.0, 0.0, 0.0, 0.0,
0.8928200000000001, -3.05482216088407, 0.0, 0.0, 0.0, 0.0, 0.0, 0.0,
0.9196150000000001, -3.16954467875538, 0.0, 0.0, 0.0, 0.0, 0.0, 0.0,
0.9464100000000001, -3.252780972441298, 0.0, 0.0, 0.0, 0.0, 0.0, 0.0,
0.9732050000000001, -3.303381293137910, 0.0, 0.0, 0.0, 0.0, 0.0, 0.0,
1.0, -3.32030570138672, 7.072904775772464e-9,0.24670553974255105,0.01605191080009451,2.0309414172425063e-5,0.7361610338390546,0.00035584996493899854,


0.0, -1.256337762702660, 4.896493923852249e-6,0.1368436522473621,0.06005004088277465,1.044410771892737e-5,0.8007864488974257,0.0012498791006311254,
0.023205, -1.249684856029231, 0.0, 0.0, 0.0, 0.0, 0.0, 0.0,
0.04641, -1.229728003340312, 0.0, 0.0, 0.0, 0.0, 0.0, 0.0,
0.069615, -1.196761460736031, 0.0, 0.0, 0.0, 0.0, 0.0, 0.0,
0.09282, -1.151428631253692, 0.0, 0.0, 0.0, 0.0, 0.0, 0.0,
0.116025, -1.09459324385141, 0.0, 0.0, 0.0, 0.0, 0.0, 0.0,
0.13923, -1.027055008370028, 0.0, 0.0, 0.0, 0.0, 0.0, 0.0,
0.162435, -0.950176056401305, 0.0, 0.0, 0.0, 0.0, 0.0, 0.0,
0.18564, -0.865435976674671, 0.0, 0.0, 0.0, 0.0, 0.0, 0.0,
0.208845, -0.774369004742996, 0.0, 0.0, 0.0, 0.0, 0.0, 0.0,
0.23205, -0.679013114932265, 0.0, 0.0, 0.0, 0.0, 0.0, 0.0,
0.255255, -0.581417121490386, 0.0, 0.0, 0.0, 0.0, 0.0, 0.0,
0.27846, -0.4839988578902094, 0.0, 0.0, 0.0, 0.0, 0.0, 0.0,
0.301665, -0.38903250442991, 0.0, 0.0, 0.0, 0.0, 0.0, 0.0,
0.32487, -0.2995146936154857, 0.0, 0.0, 0.0, 0.0, 0.0, 0.0,
0.348075, -0.2179069729750122, 0.0, 0.0, 0.0, 0.0, 0.0, 0.0,
0.37128, -0.1466818579226780, 0.0, 0.0, 0.0, 0.0, 0.0, 0.0,
0.394485, -0.0884621879093994, 0.0, 0.0, 0.0, 0.0, 0.0, 0.0,
0.41769, -0.0449894970314650, 0.0, 0.0, 0.0, 0.0, 0.0, 0.0,
0.440895, -0.0177723353184939, 0.0, 0.0, 0.0, 0.0, 0.0, 0.0,
0.4641, -0.001917339293001418, 3.902332233525154e-10,0.032846545878125896,0.09025053060138477,3.73578994170281e-10,0.8746085832600992,0.0013302320684250928,
0.490895, -0.03656668836239540, 0.0, 0.0, 0.0, 0.0, 0.0, 0.0,
0.51769, -0.1141560877179796, 0.0, 0.0, 0.0, 0.0, 0.0, 0.0,
0.544485, -0.2383148153747507, 0.0, 0.0, 0.0, 0.0, 0.0, 0.0,
0.57128, -0.40352854222012, 0.0, 0.0, 0.0, 0.0, 0.0, 0.0,
0.598075, -0.602601135967148, 0.0, 0.0, 0.0, 0.0, 0.0, 0.0,
0.62487, -0.8280397099286, 0.0, 0.0, 0.0, 0.0, 0.0, 0.0,
0.651665, -1.071766245875159, 0.0, 0.0, 0.0, 0.0, 0.0, 0.0,
0.6784600000000001, -1.326397207190724, 0.0, 0.0, 0.0, 0.0, 0.0, 0.0,
0.7052550000000001, -1.58495595592722, 0.0, 0.0, 0.0, 0.0, 0.0, 0.0,
0.7320500000000001, -1.841029306195784, 0.0, 0.0, 0.0, 0.0, 0.0, 0.0,
0.758845, -2.089329774336446, 0.0, 0.0, 0.0, 0.0, 0.0, 0.0,
0.7856400000000001, -2.32443061677022, 0.0, 0.0, 0.0, 0.0, 0.0, 0.0,
0.812435, -2.54203185127830, 0.0, 0.0, 0.0, 0.0, 0.0, 0.0,
0.83923, -2.738389157897237, 0.0, 0.0, 0.0, 0.0, 0.0, 0.0,
0.866025, -2.910135430478245, 0.0, 0.0, 0.0, 0.0, 0.0, 0.0,
0.8928200000000001, -3.054451352485097, 0.0, 0.0, 0.0, 0.0, 0.0, 0.0,
0.9196150000000001, -3.169184867127449, 0.0, 0.0, 0.0, 0.0, 0.0, 0.0,
0.9464100000000001, -3.25241804142145, 0.0, 0.0, 0.0, 0.0, 0.0, 0.0,
0.9732050000000001, -3.303002393195642, 0.0, 0.0, 0.0, 0.0, 0.0, 0.0,
1.0, -3.31990067552972, 4.764899721895938e-9,0.24674275640773335,0.016046535526763217,2.0321546292689878e-5,0.7361290490507795,0.00035592316877518763,


0.0, -1.232442283834683, 1.558477536180549e-8,0.13137326300876756,0.059023375282468475,3.713831984030483e-8,0.807334910304361,0.0012256513992718442,
0.023205, -1.226177608549661, 0.0, 0.0, 0.0, 0.0, 0.0, 0.0,
0.04641, -1.207154739846277, 0.0, 0.0, 0.0, 0.0, 0.0, 0.0,
0.069615, -1.175388386284784, 0.0, 0.0, 0.0, 0.0, 0.0, 0.0,
0.09282, -1.131404840280895, 0.0, 0.0, 0.0, 0.0, 0.0, 0.0,
0.116025, -1.076009846522638, 0.0, 0.0, 0.0, 0.0, 0.0, 0.0,
0.13923, -1.009964756856038, 0.0, 0.0, 0.0, 0.0, 0.0, 0.0,
0.162435, -0.934603276105639, 0.0, 0.0, 0.0, 0.0, 0.0, 0.0,
0.18564, -0.851376143103750, 0.0, 0.0, 0.0, 0.0, 0.0, 0.0,
0.208845, -0.761788223140191, 0.0, 0.0, 0.0, 0.0, 0.0, 0.0,
0.23205, -0.66785093070100, 0.0, 0.0, 0.0, 0.0, 0.0, 0.0,
0.255255, -0.571584633664136, 0.0, 0.0, 0.0, 0.0, 0.0, 0.0,
0.27846, -0.475375940385145, 0.0, 0.0, 0.0, 0.0, 0.0, 0.0,
0.301665, -0.381468244541934, 0.0, 0.0, 0.0, 0.0, 0.0, 0.0,
0.32487, -0.2928222680117491, 0.0, 0.0, 0.0, 0.0, 0.0, 0.0,
0.348075, -0.211870989721130, 0.0, 0.0, 0.0, 0.0, 0.0, 0.0,
0.37128, -0.1410637296096233, 0.0, 0.0, 0.0, 0.0, 0.0, 0.0,
0.394485, -0.0830159688827745, 0.0, 0.0, 0.0, 0.0, 0.0, 0.0,
0.41769, -0.0394994397589629, 0.0, 0.0, 0.0, 0.0, 0.0, 0.0,
0.440895, -0.01228530805647287, 0.0, 0.0, 0.0, 0.0, 0.0, 0.0,
0.4641, -0.000504653591910653, 4.095145462010421e-9,0.03277779183742799,0.09024746697733667,2.493207189989343e-10,0.8746814908437996,0.0013286303948564096,
0.490895, -0.02678848114232201, 0.0, 0.0, 0.0, 0.0, 0.0, 0.0,
0.51769, -0.1023874005546521, 0.0, 0.0, 0.0, 0.0, 0.0, 0.0,
0.544485, -0.2238229477233437, 0.0, 0.0, 0.0, 0.0, 0.0, 0.0,
0.57128, -0.3857282158674275, 0.0, 0.0, 0.0, 0.0, 0.0, 0.0,
0.598075, -0.581211698624719, 0.0, 0.0, 0.0, 0.0, 0.0, 0.0,
0.62487, -0.803027709205450, 0.0, 0.0, 0.0, 0.0, 0.0, 0.0,
0.651665, -1.043277084151145, 0.0, 0.0, 0.0, 0.0, 0.0, 0.0,
0.6784600000000001, -1.294701171441569, 0.0, 0.0, 0.0, 0.0, 0.0, 0.0,
0.7052550000000001, -1.550399463745279, 0.0, 0.0, 0.0, 0.0, 0.0, 0.0,
0.7320500000000001, -1.803992635405784, 0.0, 0.0, 0.0, 0.0, 0.0, 0.0,
0.758845, -2.05020408072421, 0.0, 0.0, 0.0, 0.0, 0.0, 0.0,
0.7856400000000001, -2.28359291516713, 0.0, 0.0, 0.0, 0.0, 0.0, 0.0,
0.812435, -2.499825793588602, 0.0, 0.0, 0.0, 0.0, 0.0, 0.0,
0.83923, -2.69512398142304, 0.0, 0.0, 0.0, 0.0, 0.0, 0.0,
0.866025, -2.86607531035194, 0.0, 0.0, 0.0, 0.0, 0.0, 0.0,
0.8928200000000001, -3.00981671256560, 0.0, 0.0, 0.0, 0.0, 0.0, 0.0,
0.9196150000000001, -3.124157441361111, 0.0, 0.0, 0.0, 0.0, 0.0, 0.0,
0.9464100000000001, -3.207143710778071, 0.0, 0.0, 0.0, 0.0, 0.0, 0.0,
0.9732050000000001, -3.257599217476810, 0.0, 0.0, 0.0, 0.0, 0.0, 0.0,
1.0, -3.274464873624033, 7.062896663665343e-8,0.2370259946186219,0.015472296092588565,1.7291262644230496e-8,0.7464801397864407,0.000362577197252682,


0.0, -1.2297021676085, 7.78506542219797e-9,0.13148522834859816,0.059028855008059315,8.66811290177605e-9,0.8072145934096061,0.001232292636587351,
0.023205, -1.222822397035508, 0.0, 0.0, 0.0, 0.0, 0.0, 0.0,
0.04641, -1.202423311268239, 0.0, 0.0, 0.0, 0.0, 0.0, 0.0,
0.069615, -1.169075443502704, 0.0, 0.0, 0.0, 0.0, 0.0, 0.0,
0.09282, -1.1235308392102, 0.0, 0.0, 0.0, 0.0, 0.0, 0.0,
0.116025, -1.066696824926300, 0.0, 0.0, 0.0, 0.0, 0.0, 0.0,
0.13923, -0.99939571189167, 0.0, 0.0, 0.0, 0.0, 0.0, 0.0,
0.162435, -0.923002225249491, 0.0, 0.0, 0.0, 0.0, 0.0, 0.0,
0.18564, -0.838998978492702, 0.0, 0.0, 0.0, 0.0, 0.0, 0.0,
0.208845, -0.748913346630154, 0.0, 0.0, 0.0, 0.0, 0.0, 0.0,
0.23205, -0.654772077831610, 0.0, 0.0, 0.0, 0.0, 0.0, 0.0,
0.255255, -0.558604235969571, 0.0, 0.0, 0.0, 0.0, 0.0, 0.0,
0.27846, -0.462798356282047, 0.0, 0.0, 0.0, 0.0, 0.0, 0.0,
0.301665, -0.369590721332500, 0.0, 0.0, 0.0, 0.0, 0.0, 0.0,
0.32487, -0.2819282190563081, 0.0, 0.0, 0.0, 0.0, 0.0, 0.0,
0.348075, -0.202216019231114, 0.0, 0.0, 0.0, 0.0, 0.0, 0.0,
0.37128, -0.132861831911194, 0.0, 0.0, 0.0, 0.0, 0.0, 0.0,
0.394485, -0.0764176483804506, 0.0, 0.0, 0.0, 0.0, 0.0, 0.0,
0.41769, -0.0345558380196402, 0.0, 0.0, 0.0, 0.0, 0.0, 0.0,
0.440895, -0.00885584713072362, 0.0, 0.0, 0.0, 0.0, 0.0, 0.0,
0.4641, 0., 7.019298784612662e-9,0.03277382284497021,0.09024314859710543,7.642840672968567e-10,0.8746888293519615,0.0013293817986672445,
0.490895, -0.02607732305054688, 0.0, 0.0, 0.0, 0.0, 0.0, 0.0,
0.51769, -0.101453027074579, 0.0, 0.0, 0.0, 0.0, 0.0, 0.0,
0.544485, -0.2228015490862922, 0.0, 0.0, 0.0, 0.0, 0.0, 0.0,
0.57128, -0.384714340528416, 0.0, 0.0, 0.0, 0.0, 0.0, 0.0,
0.598075, -0.580251151381410, 0.0, 0.0, 0.0, 0.0, 0.0, 0.0,
0.62487, -0.802136923734297, 0.0, 0.0, 0.0, 0.0, 0.0, 0.0,
0.651665, -1.04245811356195, 0.0, 0.0, 0.0, 0.0, 0.0, 0.0,
0.6784600000000001, -1.29394995154345, 0.0, 0.0, 0.0, 0.0, 0.0, 0.0,
0.7052550000000001, -1.549709966464988, 0.0, 0.0, 0.0, 0.0, 0.0, 0.0,
0.7320500000000001, -1.803357414554915, 0.0, 0.0, 0.0, 0.0, 0.0, 0.0,
0.758845, -2.049615218322830, 0.0, 0.0, 0.0, 0.0, 0.0, 0.0,
0.7856400000000001, -2.28304030484299, 0.0, 0.0, 0.0, 0.0, 0.0, 0.0,
0.812435, -2.499306223494053, 0.0, 0.0, 0.0, 0.0, 0.0, 0.0,
0.83923, -2.694630548464621, 0.0, 0.0, 0.0, 0.0, 0.0, 0.0,
0.866025, -2.865602740231020, 0.0, 0.0, 0.0, 0.0, 0.0, 0.0,
0.8928200000000001, -3.00935983221699, 0.0, 0.0, 0.0, 0.0, 0.0, 0.0,
0.9196150000000001, -3.123711904462540, 0.0, 0.0, 0.0, 0.0, 0.0, 0.0,
0.9464100000000001, -3.20670529470880, 0.0, 0.0, 0.0, 0.0, 0.0, 0.0,
0.9732050000000001, -3.25716391557774, 0.0, 0.0, 0.0, 0.0, 0.0, 0.0,
1.0, -3.27402880153992, 7.089807391905099e-8,0.23715218001074514,0.01546872839967023,2.098477725281684e-8,0.7463572073227642,0.0003627918698131855,


0.0, 6.26190217942289, 0.448955160510191,0.22104870963329837,0.0027722527312610103,0.2243144793885563,0.04790812110296164,0.04688164602021737,
0.023205, 6.2601466772034, 0.0, 0.0, 0.0, 0.0, 0.0, 0.0,
0.04641, 6.25443138343315, 0.0, 0.0, 0.0, 0.0, 0.0, 0.0,
0.069615, 6.24318155085431, 0.0, 0.0, 0.0, 0.0, 0.0, 0.0,
0.09282, 6.22388764299733, 0.0, 0.0, 0.0, 0.0, 0.0, 0.0,
0.116025, 6.19280684894431, 0.0, 0.0, 0.0, 0.0, 0.0, 0.0,
0.13923, 6.14553552746195, 0.0, 0.0, 0.0, 0.0, 0.0, 0.0,
0.162435, 6.0764205285052, 0.0, 0.0, 0.0, 0.0, 0.0, 0.0,
0.18564, 5.9800003891471, 0.0, 0.0, 0.0, 0.0, 0.0, 0.0,
0.208845, 5.85129249286155, 0.0, 0.0, 0.0, 0.0, 0.0, 0.0,
0.23205, 5.686517107332190, 0.0, 0.0, 0.0, 0.0, 0.0, 0.0,
0.255255, 5.48427108359595, 0.0, 0.0, 0.0, 0.0, 0.0, 0.0,
0.27846, 5.24540460485973, 0.0, 0.0, 0.0, 0.0, 0.0, 0.0,
0.301665, 4.97374482422963, 0.0, 0.0, 0.0, 0.0, 0.0, 0.0,
0.32487, 4.67506860155773, 0.0, 0.0, 0.0, 0.0, 0.0, 0.0,
0.348075, 4.35783363901443, 0.0, 0.0, 0.0, 0.0, 0.0, 0.0,
0.37128, 4.03403338759360, 0.0, 0.0, 0.0, 0.0, 0.0, 0.0,
0.394485, 3.721037450709318, 0.0, 0.0, 0.0, 0.0, 0.0, 0.0,
0.41769, 3.446201110450439, 0.0, 0.0, 0.0, 0.0, 0.0, 0.0,
0.440895, 3.249293618391033, 0.0, 0.0, 0.0, 0.0, 0.0, 0.0,
0.4641, 3.17602875488347, 0.5435900080383655,6.358154373901245e-10,1.308206388257268e-9,0.4476985590959106,1.3482080623588713e-8,5.596812859621597e-11,
0.490895, 3.27351065371236, 0.0, 0.0, 0.0, 0.0, 0.0, 0.0,
0.51769, 3.535200475570076, 0.0, 0.0, 0.0, 0.0, 0.0, 0.0,
0.544485, 3.901149819076932, 0.0, 0.0, 0.0, 0.0, 0.0, 0.0,
0.57128, 4.32071671103078, 0.0, 0.0, 0.0, 0.0, 0.0, 0.0,
0.598075, 4.75824159808125, 0.0, 0.0, 0.0, 0.0, 0.0, 0.0,
0.62487, 5.18650167441289, 0.0, 0.0, 0.0, 0.0, 0.0, 0.0,
0.651665, 5.58049050130301, 0.0, 0.0, 0.0, 0.0, 0.0, 0.0,
0.6784600000000001, 5.913119986086087, 0.0, 0.0, 0.0, 0.0, 0.0, 0.0,
0.7052550000000001, 6.15436691215858, 0.0, 0.0, 0.0, 0.0, 0.0, 0.0,
0.7320500000000001, 6.27783967224362, 0.0, 0.0, 0.0, 0.0, 0.0, 0.0,
0.758845, 6.27470542209154, 0.0, 0.0, 0.0, 0.0, 0.0, 0.0,
0.7856400000000001, 6.165953131131, 0.0, 0.0, 0.0, 0.0, 0.0, 0.0,
0.812435, 5.99021211767449, 0.0, 0.0, 0.0, 0.0, 0.0, 0.0,
0.83923, 5.78571739835375, 0.0, 0.0, 0.0, 0.0, 0.0, 0.0,
0.866025, 5.581368298126708, 0.0, 0.0, 0.0, 0.0, 0.0, 0.0,
0.8928200000000001, 5.39632600562259, 0.0, 0.0, 0.0, 0.0, 0.0, 0.0,
0.9196150000000001, 5.24291149227592, 0.0, 0.0, 0.0, 0.0, 0.0, 0.0,
0.9464100000000001, 5.12884985943616, 0.0, 0.0, 0.0, 0.0, 0.0, 0.0,
0.9732050000000001, 5.05870673740293, 0.0, 0.0, 0.0, 0.0, 0.0, 0.0,
1.0, 5.03508357256824, 1.5804789294474113e-10,0.6002226165105463,0.3003863474494166,0.07191263107699981,7.878851953872055e-5,0.00667557181836972,


0.0, 6.263463082978188, 0.44916022814410755,0.22092182225142087,0.0027657832383494864,0.22425138813714737,0.04789398983990774,0.046886270059392526,
0.023205, 6.26170267185420, 0.0, 0.0, 0.0, 0.0, 0.0, 0.0,
0.04641, 6.2559676248193, 0.0, 0.0, 0.0, 0.0, 0.0, 0.0,
0.069615, 6.2446820636595, 0.0, 0.0, 0.0, 0.0, 0.0, 0.0,
0.09282, 6.225334806471483, 0.0, 0.0, 0.0, 0.0, 0.0, 0.0,
0.116025, 6.19418160973180, 0.0, 0.0, 0.0, 0.0, 0.0, 0.0,
0.13923, 6.14681779195356, 0.0, 0.0, 0.0, 0.0, 0.0, 0.0,
0.162435, 6.07759073552298, 0.0, 0.0, 0.0, 0.0, 0.0, 0.0,
0.18564, 5.981042386447545, 0.0, 0.0, 0.0, 0.0, 0.0, 0.0,
0.208845, 5.8521974896878, 0.0, 0.0, 0.0, 0.0, 0.0, 0.0,
0.23205, 5.68728802836045, 0.0, 0.0, 0.0, 0.0, 0.0, 0.0,
0.255255, 5.48492289287566, 0.0, 0.0, 0.0, 0.0, 0.0, 0.0,
0.27846, 5.24596566071391, 0.0, 0.0, 0.0, 0.0, 0.0, 0.0,
0.301665, 4.97425321594924, 0.0, 0.0, 0.0, 0.0, 0.0, 0.0,
0.32487, 4.67556571754130, 0.0, 0.0, 0.0, 0.0, 0.0, 0.0,
0.348075, 4.35836638955797, 0.0, 0.0, 0.0, 0.0, 0.0, 0.0,
0.37128, 4.03466301519434, 0.0, 0.0, 0.0, 0.0, 0.0, 0.0,
0.394485, 3.721842361662524, 0.0, 0.0, 0.0, 0.0, 0.0, 0.0,
0.41769, 3.4472587651198, 0.0, 0.0, 0.0, 0.0, 0.0, 0.0,
0.440895, 3.250619561350033, 0.0, 0.0, 0.0, 0.0, 0.0, 0.0,
0.4641, 3.177496578605008, 0.5437113716799616,2.353212022460584e-10,3.8990449099468816e-10,0.44757756873537674,2.775344464137443e-9,2.2374899181088138e-11,
0.490895, 3.274799486200678, 0.0, 0.0, 0.0, 0.0, 0.0, 0.0,
0.51769, 3.536182876506443, 0.0, 0.0, 0.0, 0.0, 0.0, 0.0,
0.544485, 3.901854730119300, 0.0, 0.0, 0.0, 0.0, 0.0, 0.0,
0.57128, 4.32122883597227, 0.0, 0.0, 0.0, 0.0, 0.0, 0.0,
0.598075, 4.7586453553813, 0.0, 0.0, 0.0, 0.0, 0.0, 0.0,
0.62487, 5.18686664834907, 0.0, 0.0, 0.0, 0.0, 0.0, 0.0,
0.651665, 5.58088669279961, 0.0, 0.0, 0.0, 0.0, 0.0, 0.0,
0.6784600000000001, 5.91366294245037, 0.0, 0.0, 0.0, 0.0, 0.0, 0.0,
0.7052550000000001, 6.15522587308185, 0.0, 0.0, 0.0, 0.0, 0.0, 0.0,
0.7320500000000001, 6.27918764399539, 0.0, 0.0, 0.0, 0.0, 0.0, 0.0,
0.758845, 6.276627725159606, 0.0, 0.0, 0.0, 0.0, 0.0, 0.0,
0.7856400000000001, 6.168418941051081, 0.0, 0.0, 0.0, 0.0, 0.0, 0.0,
0.812435, 5.99312932813597, 0.0, 0.0, 0.0, 0.0, 0.0, 0.0,
0.83923, 5.7889925459772, 0.0, 0.0, 0.0, 0.0, 0.0, 0.0,
0.866025, 5.58492515622106, 0.0, 0.0, 0.0, 0.0, 0.0, 0.0,
0.8928200000000001, 5.40010250717410, 0.0, 0.0, 0.0, 0.0, 0.0, 0.0,
0.9196150000000001, 5.24685370607799, 0.0, 0.0, 0.0, 0.0, 0.0, 0.0,
0.9464100000000001, 5.13290791062524, 0.0, 0.0, 0.0, 0.0, 0.0, 0.0,
0.9732050000000001, 5.06283268832353, 0.0, 0.0, 0.0, 0.0, 0.0, 0.0,
1.0, 5.03923042775291, 3.649999306850596e-11,0.6002927694673241,0.3003632370830029,0.07185290247918921,7.872747002663935e-5,0.006678168342938665,


0.0, 11.14730899185889, 0.16684779635288002,0.35408718395578204,0.22302581801248897,0.0,0.234393836340749,0.00011723522646414207,
0.023205, 11.13856997985670, 0.0, 0.0, 0.0, 0.0, 0.0, 0.0,
0.04641, 11.11306519488632, 0.0, 0.0, 0.0, 0.0, 0.0, 0.0,
0.069615, 11.0721011176187, 0.0, 0.0, 0.0, 0.0, 0.0, 0.0,
0.09282, 11.01875205324680, 0.0, 0.0, 0.0, 0.0, 0.0, 0.0,
0.116025, 10.95691458144900, 0.0, 0.0, 0.0, 0.0, 0.0, 0.0,
0.13923, 10.89324369723895, 0.0, 0.0, 0.0, 0.0, 0.0, 0.0,
0.162435, 10.83488147792336, 0.0, 0.0, 0.0, 0.0, 0.0, 0.0,
0.18564, 10.79028173480198, 0.0, 0.0, 0.0, 0.0, 0.0, 0.0,
0.208845, 10.76870752648048, 0.0, 0.0, 0.0, 0.0, 0.0, 0.0,
0.23205, 10.7765537108329, 0.0, 0.0, 0.0, 0.0, 0.0, 0.0,
0.255255, 10.81891591428496, 0.0, 0.0, 0.0, 0.0, 0.0, 0.0,
0.27846, 10.89693226870789, 0.0, 0.0, 0.0, 0.0, 0.0, 0.0,
0.301665, 11.0083364060322, 0.0, 0.0, 0.0, 0.0, 0.0, 0.0,
0.32487, 11.14679326116162, 0.0, 0.0, 0.0, 0.0, 0.0, 0.0,
0.348075, 11.30177235022414, 0.0, 0.0, 0.0, 0.0, 0.0, 0.0,
0.37128, 11.45735554777170, 0.0, 0.0, 0.0, 0.0, 0.0, 0.0,
0.394485, 11.58932482238016, 0.0, 0.0, 0.0, 0.0, 0.0, 0.0,
0.41769, 11.66671276843155, 0.0, 0.0, 0.0, 0.0, 0.0, 0.0,
0.440895, 11.68778666742643, 0.0, 0.0, 0.0, 0.0, 0.0, 0.0,
0.4641, 11.68909828243333, 9.152180996784225e-12,0.918178671058311,3.9008468618459274e-10,1.725707383151277e-11,0.02946170808007133,0.05832693639784911,
0.490895, 11.68341027656342, 0.0, 0.0, 0.0, 0.0, 0.0, 0.0,
0.51769, 11.6013795669088, 0.0, 0.0, 0.0, 0.0, 0.0, 0.0,
0.544485, 11.37890969910322, 0.0, 0.0, 0.0, 0.0, 0.0, 0.0,
0.57128, 11.06776084913473, 0.0, 0.0, 0.0, 0.0, 0.0, 0.0,
0.598075, 10.71199769960480, 0.0, 0.0, 0.0, 0.0, 0.0, 0.0,
0.62487, 10.33986143184667, 0.0, 0.0, 0.0, 0.0, 0.0, 0.0,
0.651665, 9.97441858633741, 0.0, 0.0, 0.0, 0.0, 0.0, 0.0,
0.6784600000000001, 9.6379275544806, 0.0, 0.0, 0.0, 0.0, 0.0, 0.0,
0.7052550000000001, 9.35323995357023, 0.0, 0.0, 0.0, 0.0, 0.0, 0.0,
0.7320500000000001, 9.13898495682310, 0.0, 0.0, 0.0, 0.0, 0.0, 0.0,
0.758845, 8.99728710184479, 0.0, 0.0, 0.0, 0.0, 0.0, 0.0,
0.7856400000000001, 8.90789385654620, 0.0, 0.0, 0.0, 0.0, 0.0, 0.0,
0.812435, 8.84150260844000, 0.0, 0.0, 0.0, 0.0, 0.0, 0.0,
0.83923, 8.77851926992307, 0.0, 0.0, 0.0, 0.0, 0.0, 0.0,
0.866025, 8.71317722648912, 0.0, 0.0, 0.0, 0.0, 0.0, 0.0,
0.8928200000000001, 8.64889295089110, 0.0, 0.0, 0.0, 0.0, 0.0, 0.0,
0.9196150000000001, 8.59139222501756, 0.0, 0.0, 0.0, 0.0, 0.0, 0.0,
0.9464100000000001, 8.54637796583463, 0.0, 0.0, 0.0, 0.0, 0.0, 0.0,
0.9732050000000001, 8.51775379848724, 0.0, 0.0, 0.0, 0.0, 0.0, 0.0,
1.0, 8.50780492919683, 0.49605736983042537,6.388417505796486e-8,0.2955966384717669,4.739411159665716e-11,0.14982866936063885,0.052017451841681765,


0.0, 11.14798591306844, 0.16678463052887707,0.35374786663855806,0.22336880693184755,0.0,0.2343857830619665,0.00012063864482871854,
0.023205, 11.13924455161728, 0.0, 0.0, 0.0, 0.0, 0.0, 0.0,
0.04641, 11.11373033296733, 0.0, 0.0, 0.0, 0.0, 0.0, 0.0,
0.069615, 11.07274566084970, 0.0, 0.0, 0.0, 0.0, 0.0, 0.0,
0.09282, 11.01935895998456, 0.0, 0.0, 0.0, 0.0, 0.0, 0.0,
0.116025, 10.95745935865264, 0.0, 0.0, 0.0, 0.0, 0.0, 0.0,
0.13923, 10.89369562602166, 0.0, 0.0, 0.0, 0.0, 0.0, 0.0,
0.162435, 10.835206559954, 0.0, 0.0, 0.0, 0.0, 0.0, 0.0,
0.18564, 10.79045530513044, 0.0, 0.0, 0.0, 0.0, 0.0, 0.0,
0.208845, 10.76883508523615, 0.0, 0.0, 0.0, 0.0, 0.0, 0.0,
0.23205, 10.77687503981488, 0.0, 0.0, 0.0, 0.0, 0.0, 0.0,
0.255255, 10.81947638545028, 0.0, 0.0, 0.0, 0.0, 0.0, 0.0,
0.27846, 10.89774052039490, 0.0, 0.0, 0.0, 0.0, 0.0, 0.0,
0.301665, 11.00938694699853, 0.0, 0.0, 0.0, 0.0, 0.0, 0.0,
0.32487, 11.14806726471306, 0.0, 0.0, 0.0, 0.0, 0.0, 0.0,
0.348075, 11.30323228317551, 0.0, 0.0, 0.0, 0.0, 0.0, 0.0,
0.37128, 11.45891366126965, 0.0, 0.0, 0.0, 0.0, 0.0, 0.0,
0.394485, 11.59072849655699, 0.0, 0.0, 0.0, 0.0, 0.0, 0.0,
0.41769, 11.6674956721609, 0.0, 0.0, 0.0, 0.0, 0.0, 0.0,
0.440895, 11.68826093836365, 0.0, 0.0, 0.0, 0.0, 0.0, 0.0,
0.4641, 11.6896658394261, 3.8381924738186125e-12,0.9181928794782221,3.4997603461002325e-10,1.4321794761604991e-11,0.029443532708690188,0.05833416969625352,
0.490895, 11.68424066443819, 0.0, 0.0, 0.0, 0.0, 0.0, 0.0,
0.51769, 11.60277058478664, 0.0, 0.0, 0.0, 0.0, 0.0, 0.0,
0.544485, 11.38048639394529, 0.0, 0.0, 0.0, 0.0, 0.0, 0.0,
0.57128, 11.06933061040385, 0.0, 0.0, 0.0, 0.0, 0.0, 0.0,
0.598075, 10.7135199895778, 0.0, 0.0, 0.0, 0.0, 0.0, 0.0,
0.62487, 10.34131347558680, 0.0, 0.0, 0.0, 0.0, 0.0, 0.0,
0.651665, 9.9757656485053, 0.0, 0.0, 0.0, 0.0, 0.0, 0.0,
0.6784600000000001, 9.639111353537, 0.0, 0.0, 0.0, 0.0, 0.0, 0.0,
0.7052550000000001, 9.35414691517251, 0.0, 0.0, 0.0, 0.0, 0.0, 0.0,
0.7320500000000001, 9.13955241068515, 0.0, 0.0, 0.0, 0.0, 0.0, 0.0,
0.758845, 8.99752441701618, 0.0, 0.0, 0.0, 0.0, 0.0, 0.0,
0.7856400000000001, 8.9080267123373, 0.0, 0.0, 0.0, 0.0, 0.0, 0.0,
0.812435, 8.84174887899694, 0.0, 0.0, 0.0, 0.0, 0.0, 0.0,
0.83923, 8.77884754845746, 0.0, 0.0, 0.0, 0.0, 0.0, 0.0,
0.866025, 8.71356634324933, 0.0, 0.0, 0.0, 0.0, 0.0, 0.0,
0.8928200000000001, 8.64933488755675, 0.0, 0.0, 0.0, 0.0, 0.0, 0.0,
0.9196150000000001, 8.59187931982296, 0.0, 0.0, 0.0, 0.0, 0.0, 0.0,
0.9464100000000001, 8.54689956349976, 0.0, 0.0, 0.0, 0.0, 0.0, 0.0,
0.9732050000000001, 8.51829693790643, 0.0, 0.0, 0.0, 0.0, 0.0, 0.0,
1.0, 8.50835542929115, 0.4960317450447287,6.137217153481069e-8,0.295587048186329,1.4112094312044385e-11,0.14987173436862755,0.052012233540984325,


0.0, 12.20805414772070, 0.00011225255793838987,0.600918110586908,0.27754926777433475,0.0,0.046524865791295375,0.05000053291530068,
0.023205, 12.21452327808250, 0.0, 0.0, 0.0, 0.0, 0.0, 0.0,
0.04641, 12.233539500342, 0.0, 0.0, 0.0, 0.0, 0.0, 0.0,
0.069615, 12.26363978295294, 0.0, 0.0, 0.0, 0.0, 0.0, 0.0,
0.09282, 12.30232556555, 0.0, 0.0, 0.0, 0.0, 0.0, 0.0,
0.116025, 12.34606511648193, 0.0, 0.0, 0.0, 0.0, 0.0, 0.0,
0.13923, 12.39034836247225, 0.0, 0.0, 0.0, 0.0, 0.0, 0.0,
0.162435, 12.4296531528789, 0.0, 0.0, 0.0, 0.0, 0.0, 0.0,
0.18564, 12.45792537128032, 0.0, 0.0, 0.0, 0.0, 0.0, 0.0,
0.208845, 12.46930933975773, 0.0, 0.0, 0.0, 0.0, 0.0, 0.0,
0.23205, 12.45899294851689, 0.0, 0.0, 0.0, 0.0, 0.0, 0.0,
0.255255, 12.42452145834165, 0.0, 0.0, 0.0, 0.0, 0.0, 0.0,
0.27846, 12.36665746237260, 0.0, 0.0, 0.0, 0.0, 0.0, 0.0,
0.301665, 12.2896919212671, 0.0, 0.0, 0.0, 0.0, 0.0, 0.0,
0.32487, 12.20094663970788, 0.0, 0.0, 0.0, 0.0, 0.0, 0.0,
0.348075, 12.11018377454255, 0.0, 0.0, 0.0, 0.0, 0.0, 0.0,
0.37128, 12.02955112264776, 0.0, 0.0, 0.0, 0.0, 0.0, 0.0,
0.394485, 11.97571547978480, 0.0, 0.0, 0.0, 0.0, 0.0, 0.0,
0.41769, 11.96872663475944, 0.0, 0.0, 0.0, 0.0, 0.0, 0.0,
0.440895, 11.99668827771907, 0.0, 0.0, 0.0, 0.0, 0.0, 0.0,
0.4641, 12.01210885959886, 6.783452137230181e-12,0.9177929990687533,5.139225844985964e-7,1.4429351313242497e-11,0.02730763400302117,0.06106000858497637,
0.490895, 11.98576261209753, 0.0, 0.0, 0.0, 0.0, 0.0, 0.0,
0.51769, 11.97822476748520, 0.0, 0.0, 0.0, 0.0, 0.0, 0.0,
0.544485, 12.07305138526552, 0.0, 0.0, 0.0, 0.0, 0.0, 0.0,
0.57128, 12.24103670521040, 0.0, 0.0, 0.0, 0.0, 0.0, 0.0,
0.598075, 12.45835422958767, 0.0, 0.0, 0.0, 0.0, 0.0, 0.0,
0.62487, 12.7135658589648, 0.0, 0.0, 0.0, 0.0, 0.0, 0.0,
0.651665, 12.99884641728310, 0.0, 0.0, 0.0, 0.0, 0.0, 0.0,
0.6784600000000001, 13.30750334675774, 0.0, 0.0, 0.0, 0.0, 0.0, 0.0,
0.7052550000000001, 13.6335132887922, 0.0, 0.0, 0.0, 0.0, 0.0, 0.0,
0.7320500000000001, 13.86765356160197, 0.0, 0.0, 0.0, 0.0, 0.0, 0.0,
0.758845, 13.61776347325460, 0.0, 0.0, 0.0, 0.0, 0.0, 0.0,
0.7856400000000001, 13.4953448073469, 0.0, 0.0, 0.0, 0.0, 0.0, 0.0,
0.812435, 13.4870212582794, 0.0, 0.0, 0.0, 0.0, 0.0, 0.0,
0.83923, 13.56828106363426, 0.0, 0.0, 0.0, 0.0, 0.0, 0.0,
0.866025, 13.70809612824525, 0.0, 0.0, 0.0, 0.0, 0.0, 0.0,
0.8928200000000001, 13.87408385649615, 0.0, 0.0, 0.0, 0.0, 0.0, 0.0,
0.9196150000000001, 14.03679981225787, 0.0, 0.0, 0.0, 0.0, 0.0, 0.0,
0.9464100000000001, 14.17220629543422, 0.0, 0.0, 0.0, 0.0, 0.0, 0.0,
0.9732050000000001, 14.26115346417168, 0.0, 0.0, 0.0, 0.0, 0.0, 0.0,
1.0, 14.29215903623374, 0.05053900897969412,2.062684859654971e-5,0.24031576379106404,0.0,0.6436231266917457,0.013010395990621771,


0.0, 12.20935682112402, 0.00011195956263065327,0.6009939789294301,0.2775103157067571,0.0,0.04646357284953408,0.05004727374254587,
0.023205, 12.21582948568811, 0.0, 0.0, 0.0, 0.0, 0.0, 0.0,
0.04641, 12.23485153817836, 0.0, 0.0, 0.0, 0.0, 0.0, 0.0,
0.069615, 12.26495989334261, 0.0, 0.0, 0.0, 0.0, 0.0, 0.0,
0.09282, 12.30365610948491, 0.0, 0.0, 0.0, 0.0, 0.0, 0.0,
0.116025, 12.347408630510, 0.0, 0.0, 0.0, 0.0, 0.0, 0.0,
0.13923, 12.39170762036777, 0.0, 0.0, 0.0, 0.0, 0.0, 0.0,
0.162435, 12.43103111375170, 0.0, 0.0, 0.0, 0.0, 0.0, 0.0,
0.18564, 12.45932505394003, 0.0, 0.0, 0.0, 0.0, 0.0, 0.0,
0.208845, 12.47073352686212, 0.0, 0.0, 0.0, 0.0, 0.0, 0.0,
0.23205, 12.46044388938522, 0.0, 0.0, 0.0, 0.0, 0.0, 0.0,
0.255255, 12.42600057042549, 0.0, 0.0, 0.0, 0.0, 0.0, 0.0,
0.27846, 12.36816493618049, 0.0, 0.0, 0.0, 0.0, 0.0, 0.0,
0.301665, 12.29122592664401, 0.0, 0.0, 0.0, 0.0, 0.0, 0.0,
0.32487, 12.20250095647428, 0.0, 0.0, 0.0, 0.0, 0.0, 0.0,
0.348075, 12.11173947372231, 0.0, 0.0, 0.0, 0.0, 0.0, 0.0,
0.37128, 12.03104604076986, 0.0, 0.0, 0.0, 0.0, 0.0, 0.0,
0.394485, 11.97694186049840, 0.0, 0.0, 0.0, 0.0, 0.0, 0.0,
0.41769, 11.96938851251344, 0.0, 0.0, 0.0, 0.0, 0.0, 0.0,
0.440895, 11.99748293817001, 0.0, 0.0, 0.0, 0.0, 0.0, 0.0,
0.4641, 12.01295503563688, 3.1850495676476e-12,0.9178154236824877,5.106338543089609e-7,1.8302677190919678e-11,0.02727714835168915,0.06106953733219488,
0.490895, 11.9866876364872, 0.0, 0.0, 0.0, 0.0, 0.0, 0.0,
0.51769, 11.9787951015363, 0.0, 0.0, 0.0, 0.0, 0.0, 0.0,
0.544485, 12.07360719891890, 0.0, 0.0, 0.0, 0.0, 0.0, 0.0,
0.57128, 12.24161282932032, 0.0, 0.0, 0.0, 0.0, 0.0, 0.0,
0.598075, 12.45893874274536, 0.0, 0.0, 0.0, 0.0, 0.0, 0.0,
0.62487, 12.71414234620490, 0.0, 0.0, 0.0, 0.0, 0.0, 0.0,
0.651665, 12.99939888410498, 0.0, 0.0, 0.0, 0.0, 0.0, 0.0,
0.6784600000000001, 13.30808249799923, 0.0, 0.0, 0.0, 0.0, 0.0, 0.0,
0.7052550000000001, 13.63431667078973, 0.0, 0.0, 0.0, 0.0, 0.0, 0.0,
0.7320500000000001, 13.86827327410512, 0.0, 0.0, 0.0, 0.0, 0.0, 0.0,
0.758845, 13.61815659944601, 0.0, 0.0, 0.0, 0.0, 0.0, 0.0,
0.7856400000000001, 13.49556028087817, 0.0, 0.0, 0.0, 0.0, 0.0, 0.0,
0.812435, 13.48735296196086, 0.0, 0.0, 0.0, 0.0, 0.0, 0.0,
0.83923, 13.56888252358126, 0.0, 0.0, 0.0, 0.0, 0.0, 0.0,
0.866025, 13.70896388022932, 0.0, 0.0, 0.0, 0.0, 0.0, 0.0,
0.8928200000000001, 13.87518145039615, 0.0, 0.0, 0.0, 0.0, 0.0, 0.0,
0.9196150000000001, 14.03808007196731, 0.0, 0.0, 0.0, 0.0, 0.0, 0.0,
0.9464100000000001, 14.1736176859765, 0.0, 0.0, 0.0, 0.0, 0.0, 0.0,
0.9732050000000001, 14.26264156806933, 0.0, 0.0, 0.0, 0.0, 0.0, 0.0,
1.0, 14.29366754245599, 0.05061897164297112,2.0852713631237155e-5,0.2402107732794107,4.05658194492717e-11,0.6436496589349167,0.013003440100242427,


