0.000000,  -17.538424,    0.000000,    0.114118,    0.077313,    0.808506,    0.000000,    0.000063,
0.008655,  -17.544180,    0.000686,    0.113811,    0.077130,    0.808221,    0.000065,    0.000086,
0.017310,  -17.561280,    0.002712,    0.112904,    0.076588,    0.807384,    0.000256,    0.000156,
0.025965,  -17.589219,    0.005989,    0.111432,    0.075713,    0.806039,    0.000554,    0.000272,
0.034620,  -17.627185,    0.010376,    0.109454,    0.074543,    0.804260,    0.000936,    0.000432,
0.043275,  -17.674100,    0.015694,    0.107042,    0.073126,    0.802133,    0.001370,    0.000635,
0.051930,  -17.728660,    0.021742,    0.104282,    0.071517,    0.799755,    0.001826,    0.000878,
0.060585,  -17.789391,    0.028309,    0.101263,    0.069775,    0.797221,    0.002278,    0.001155,
0.069240,  -17.854700,    0.035184,    0.098078,    0.067956,    0.794620,    0.002701,    0.001462,
0.077895,  -17.922917,    0.042170,    0.094814,    0.066114,    0.792031,    0.003079,    0.001792,
0.086550,  -17.992342,    0.049085,    0.091556,    0.064299,    0.789521,    0.003402,    0.002137,
0.095205,  -18.061286,    0.055766,    0.088383,    0.062552,    0.787142,    0.003668,    0.002489,
0.103861,  -18.128101,    0.062073,    0.085362,    0.060912,    0.784938,    0.003876,    0.002838,
0.112516,  -18.191218,    0.067885,    0.082558,    0.059408,    0.782941,    0.004033,    0.003175,
0.121171,  -18.249171,    0.073103,    0.080022,    0.058064,    0.781176,    0.004144,    0.003491,
0.129826,  -18.300631,    0.077645,    0.077801,    0.056901,    0.779659,    0.004220,    0.003775,
0.138481,  -18.344422,    0.081443,    0.075934,    0.055932,    0.778403,    0.004267,    0.004021,
0.147136,  -18.379552,    0.084448,    0.074450,    0.055168,    0.777419,    0.004295,    0.004219,
0.155791,  -18.405226,    0.086620,    0.073374,    0.054618,    0.776712,    0.004310,    0.004366,
0.164446,  -18.420866,    0.087934,    0.072722,    0.054286,    0.776286,    0.004316,    0.004456,
0.173101,  -18.426118,    0.088374,    0.072503,    0.054175,    0.776144,    0.004318,    0.004486,
0.181762,  -18.433419,    0.089220,    0.072155,    0.053854,    0.775952,    0.004377,    0.004443,
0.190422,  -18.455145,    0.091723,    0.071120,    0.052904,    0.775393,    0.004544,    0.004316,
0.199083,  -18.490778,    0.095786,    0.069427,    0.051365,    0.774514,    0.004796,    0.004112,
0.207744,  -18.539492,    0.101255,    0.067121,    0.049298,    0.773386,    0.005097,    0.003844,
0.216405,  -18.600199,    0.107936,    0.064260,    0.046780,    0.772092,    0.005407,    0.003524,
0.225065,  -18.671607,    0.115613,    0.060915,    0.043897,    0.770720,    0.005685,    0.003169,
0.233726,  -18.752273,    0.124061,    0.057162,    0.040739,    0.769347,    0.005896,    0.002795,
0.242387,  -18.840659,    0.133057,    0.053084,    0.037391,    0.768039,    0.006012,    0.002416,
0.251048,  -18.935167,    0.142393,    0.048763,    0.033935,    0.766846,    0.006016,    0.002046,
0.259708,  -19.034182,    0.151877,    0.044283,    0.030444,    0.765798,    0.005902,    0.001696,
0.268369,  -19.136085,    0.161338,    0.039722,    0.026982,    0.764911,    0.005672,    0.001374,
0.277030,  -19.239284,    0.170627,    0.035159,    0.023604,    0.764188,    0.005336,    0.001086,
0.285691,  -19.342216,    0.179615,    0.030663,    0.020356,    0.763619,    0.004910,    0.000836,
0.294351,  -19.443367,    0.188192,    0.026302,    0.017276,    0.763192,    0.004414,    0.000625,
0.303012,  -19.541279,    0.196265,    0.022134,    0.014394,    0.762886,    0.003869,    0.000452,
0.311673,  -19.634562,    0.203755,    0.018215,    0.011737,    0.762681,    0.003298,    0.000314,
0.320334,  -19.721903,    0.210599,    0.014590,    0.009324,    0.762556,    0.002722,    0.000209,
0.328994,  -19.802083,    0.216742,    0.011302,    0.007169,    0.762491,    0.002163,    0.000132,
0.337655,  -19.873983,    0.222141,    0.008386,    0.005285,    0.762470,    0.001640,    0.000078,
0.346316,  -19.936604,    0.226762,    0.005871,    0.003680,    0.762476,    0.001169,    0.000043,
0.354977,  -19.989075,    0.230576,    0.003782,    0.002360,    0.762497,    0.000763,    0.000021,
0.363637,  -20.030665,    0.233563,    0.002138,    0.001329,    0.762524,    0.000436,    0.000009,
0.372298,  -20.060793,    0.235708,    0.000954,    0.000591,    0.762548,    0.000196,    0.000003,
0.380959,  -20.079040,    0.236999,    0.000239,    0.000148,    0.762565,    0.000049,    0.000001,
0.389620,  -20.085151,    0.237429,    0.000000,    0.000000,    0.762571,    0.000000,    0.000000,
0.398282,  -20.079092,    0.237002,    0.000237,    0.000147,    0.762565,    0.000049,    0.000001,
0.406944,  -20.060959,    0.235722,    0.000947,    0.000586,    0.762549,    0.000195,    0.000002,
0.415606,  -20.030879,    0.233589,    0.002127,    0.001317,    0.762528,    0.000435,    0.000005,
0.424268,  -19.989064,    0.230607,    0.003773,    0.002336,    0.762509,    0.000765,    0.000009,
0.432930,  -19.935811,    0.226781,    0.005880,    0.003643,    0.762502,    0.001180,    0.000014,
0.441592,  -19.871502,    0.222116,    0.008440,    0.005231,    0.762523,    0.001669,    0.000020,
0.450254,  -19.796601,    0.216620,    0.011444,    0.007096,    0.762589,    0.002225,    0.000026,
0.458916,  -19.711656,    0.210303,    0.014878,    0.009233,    0.762720,    0.002834,    0.000033,
0.467578,  -19.617298,    0.203175,    0.018730,    0.011633,    0.762940,    0.003481,    0.000040,
0.476240,  -19.514242,    0.195253,    0.022983,    0.014288,    0.763279,    0.004150,    0.000048,
0.484902,  -19.403287,    0.186554,    0.027615,    0.017187,    0.763766,    0.004821,    0.000056,
0.493564,  -19.285319,    0.177102,    0.032605,    0.020319,    0.764437,    0.005472,    0.000065,
0.502226,  -19.161314,    0.166926,    0.037924,    0.023669,    0.765328,    0.006078,    0.000074,
0.510888,  -19.032339,    0.156062,    0.043543,    0.027220,    0.766477,    0.006614,    0.000084,
0.519550,  -18.899560,    0.144557,    0.049423,    0.030952,    0.767922,    0.007051,    0.000095,
0.528212,  -18.764249,    0.132470,    0.055523,    0.034840,    0.769698,    0.007361,    0.000107,
0.536874,  -18.627789,    0.119877,    0.061792,    0.038857,    0.771835,    0.007518,    0.000121,
0.545536,  -18.491681,    0.106877,    0.068172,    0.042965,    0.774352,    0.007497,    0.000136,
0.554198,  -18.357553,    0.093594,    0.074594,    0.047124,    0.777255,    0.007279,    0.000154,
0.562860,  -18.227160,    0.080188,    0.080978,    0.051281,    0.780524,    0.006856,    0.000172,
0.571522,  -18.102384,    0.066859,    0.087230,    0.055375,    0.784114,    0.006230,    0.000193,
0.580184,  -17.985217,    0.053852,    0.093240,    0.059332,    0.787942,    0.005420,    0.000214,
0.588846,  -17.877735,    0.041462,    0.098883,    0.063066,    0.791885,    0.004467,    0.000236,
0.597508,  -17.782051,    0.030030,    0.104022,    0.066483,    0.795777,    0.003431,    0.000257,
0.606170,  -17.700238,    0.019930,    0.108509,    0.069479,    0.799415,    0.002391,    0.000277,
0.614832,  -17.634239,    0.011546,    0.112196,    0.071949,    0.802576,    0.001439,    0.000294,
0.623494,  -17.585746,    0.005245,    0.114946,    0.073796,    0.805034,    0.000672,    0.000307,
0.632156,  -17.556085,    0.001329,    0.116646,    0.074940,    0.806597,    0.000173,    0.000316,
0.640818,  -17.546100,    0.000000,    0.117221,    0.075327,    0.807133,    0.000000,    0.000319,
0.649473,  -17.546016,    0.000001,    0.117183,    0.075351,    0.807149,    0.000000,    0.000316,
0.658128,  -17.545884,    0.000017,    0.117063,    0.075419,    0.807192,    0.000001,    0.000307,
0.666783,  -17.546056,    0.000085,    0.116850,    0.075519,    0.807243,    0.000006,    0.000297,
0.675438,  -17.547104,    0.000265,    0.116522,    0.075632,    0.807273,    0.000019,    0.000288,
0.684093,  -17.549790,    0.000641,    0.116052,    0.075729,    0.807244,    0.000046,    0.000288,
0.692749,  -17.555031,    0.001312,    0.115409,    0.075777,    0.807107,    0.000094,    0.000300,
0.701404,  -17.563854,    0.002393,    0.114557,    0.075735,    0.806809,    0.000175,    0.000331,
0.710059,  -17.577342,    0.004005,    0.113462,    0.075556,    0.806294,    0.000298,    0.000386,
0.718714,  -17.596579,    0.006270,    0.112088,    0.075191,    0.805509,    0.000476,    0.000467,
0.727369,  -17.622586,    0.009302,    0.110405,    0.074593,    0.804406,    0.000720,    0.000574,
0.731411,  -17.622586,    0.009302,    0.110405,    0.074593,    0.804406,    0.000720,    0.000574,
0.740075,  -17.655051,    0.013062,    0.108458,    0.073750,    0.803003,    0.001028,    0.000700,
0.748739,  -17.695366,    0.017700,    0.106179,    0.072611,    0.801257,    0.001411,    0.000842,
0.757403,  -17.744007,    0.023259,    0.103557,    0.071150,    0.799171,    0.001868,    0.000995,
0.766068,  -17.801233,    0.029747,    0.100589,    0.069354,    0.796770,    0.002392,    0.001148,
0.774732,  -17.867079,    0.037141,    0.097277,    0.067220,    0.794100,    0.002971,    0.001292,
0.783396,  -17.941356,    0.045385,    0.093632,    0.064760,    0.791224,    0.003583,    0.001417,
0.792060,  -18.023665,    0.054397,    0.089671,    0.061994,    0.788218,    0.004203,    0.001516,
0.800724,  -18.113428,    0.064073,    0.085421,    0.058956,    0.785165,    0.004804,    0.001582,
0.809388,  -18.209913,    0.074294,    0.080910,    0.055684,    0.782146,    0.005357,    0.001610,
0.818053,  -18.312276,    0.084930,    0.076174,    0.052225,    0.779236,    0.005835,    0.001601,
0.826717,  -18.419590,    0.095853,    0.071253,    0.048623,    0.776501,    0.006216,    0.001554,
0.835381,  -18.530874,    0.106935,    0.066191,    0.044926,    0.773990,    0.006482,    0.001475,
0.844045,  -18.645119,    0.118054,    0.061033,    0.041181,    0.771739,    0.006625,    0.001368,
0.852709,  -18.761301,    0.129098,    0.055827,    0.037431,    0.769766,    0.006638,    0.001240,
0.861373,  -18.878391,    0.139963,    0.050620,    0.033718,    0.768077,    0.006525,    0.001097,
0.870038,  -18.995365,    0.150556,    0.045460,    0.030077,    0.766665,    0.006294,    0.000948,
0.878702,  -19.111204,    0.160792,    0.040394,    0.026545,    0.765514,    0.005956,    0.000799,
0.887366,  -19.224892,    0.170598,    0.035468,    0.023150,    0.764601,    0.005528,    0.000655,
0.896030,  -19.335424,    0.179905,    0.030725,    0.019922,    0.763898,    0.005027,    0.000522,
0.904694,  -19.441799,    0.188656,    0.026206,    0.016883,    0.763377,    0.004474,    0.000403,
0.913358,  -19.543035,    0.196799,    0.021951,    0.014054,    0.763006,    0.003889,    0.000301,
0.922023,  -19.638163,    0.204288,    0.017994,    0.011453,    0.762756,    0.003292,    0.000216,
0.930687,  -19.726249,    0.211084,    0.014368,    0.009096,    0.762602,    0.002703,    0.000148,
0.939351,  -19.806397,    0.217153,    0.011102,    0.006993,    0.762518,    0.002138,    0.000097,
0.948015,  -19.877765,    0.222466,    0.008221,    0.005155,    0.762485,    0.001614,    0.000059,
0.956679,  -19.939581,    0.227000,    0.005746,    0.003589,    0.762484,    0.001147,    0.000034,
0.965343,  -19.991160,    0.230735,    0.003697,    0.002302,    0.762501,    0.000748,    0.000017,
0.974008,  -20.031914,    0.233655,    0.002088,    0.001297,    0.762526,    0.000426,    0.000008,
0.982672,  -20.061373,    0.235749,    0.000931,    0.000577,    0.762549,    0.000191,    0.000003,
0.991336,  -20.079189,    0.237009,    0.000233,    0.000144,    0.762565,    0.000048,    0.000001,
1.000000,  -20.085151,    0.237429,    0.000000,    0.000000,    0.762571,    0.000000,    0.000000,
 
 
0.000000,   -9.318445,    0.481356,    0.000000,    0.007525,    0.000000,    0.506718,    0.004401,
0.008655,   -9.314653,    0.480161,    0.000850,    0.007537,    0.000212,    0.506810,    0.004431,
0.017310,   -9.304207,    0.476406,    0.003541,    0.007560,    0.000819,    0.507159,    0.004516,
0.025965,   -9.289751,    0.469640,    0.008442,    0.007563,    0.001744,    0.507965,    0.004646,
0.034620,   -9.275177,    0.459349,    0.015985,    0.007506,    0.002869,    0.509493,    0.004797,
0.043275,   -9.264777,    0.445323,    0.026372,    0.007350,    0.004058,    0.511960,    0.004937,
0.051930,   -9.262149,    0.428043,    0.039279,    0.007072,    0.005192,    0.515393,    0.005021,
0.060585,   -9.269251,    0.408758,    0.053802,    0.006668,    0.006194,    0.519572,    0.005006,
0.069240,   -9.286095,    0.389097,    0.068734,    0.006152,    0.007043,    0.524109,    0.004865,
0.077895,   -9.311128,    0.370514,    0.082985,    0.005550,    0.007755,    0.528607,    0.004589,
0.086550,   -9.341973,    0.353941,    0.095839,    0.004891,    0.008362,    0.532772,    0.004194,
0.095205,   -9.376093,    0.339768,    0.106975,    0.004206,    0.008893,    0.536450,    0.003707,
0.103861,   -9.411194,    0.328002,    0.116353,    0.003524,    0.009367,    0.539591,    0.003162,
0.112516,   -9.445385,    0.318444,    0.124089,    0.002868,    0.009794,    0.542210,    0.002596,
0.121171,   -9.477197,    0.310820,    0.130356,    0.002261,    0.010176,    0.544348,    0.002039,
0.129826,   -9.505526,    0.304854,    0.135338,    0.001718,    0.010513,    0.546058,    0.001520,
0.138481,   -9.529573,    0.300299,    0.139195,    0.001256,    0.010798,    0.547388,    0.001064,
0.147136,   -9.548769,    0.296957,    0.142062,    0.000884,    0.011028,    0.548380,    0.000690,
0.155791,   -9.562724,    0.294675,    0.144039,    0.000613,    0.011196,    0.549066,    0.000412,
0.164446,   -9.571190,    0.293347,    0.145198,    0.000447,    0.011299,    0.549468,    0.000241,
0.173101,   -9.574027,    0.292911,    0.145579,    0.000392,    0.011333,    0.549601,    0.000184,
0.181762,   -9.556498,    0.292282,    0.145420,    0.000795,    0.011613,    0.549657,    0.000233,
0.190422,   -9.504132,    0.290418,    0.144941,    0.001992,    0.012433,    0.549837,    0.000379,
0.199083,   -9.417578,    0.287391,    0.144134,    0.003949,    0.013735,    0.550173,    0.000618,
0.207744,   -9.297882,    0.283309,    0.142988,    0.006616,    0.015432,    0.550715,    0.000940,
0.216405,   -9.146436,    0.278300,    0.141492,    0.009928,    0.017418,    0.551525,    0.001338,
0.225065,   -8.964924,    0.272498,    0.139636,    0.013815,    0.019578,    0.552671,    0.001801,
0.233726,   -8.755264,    0.266026,    0.137415,    0.018208,    0.021801,    0.554227,    0.002322,
0.242387,   -8.519565,    0.258984,    0.134834,    0.023039,    0.023983,    0.556266,    0.002894,
0.251048,   -8.260085,    0.251435,    0.131906,    0.028252,    0.026032,    0.558863,    0.003512,
0.259708,   -7.979214,    0.243405,    0.128658,    0.033795,    0.027870,    0.562098,    0.004174,
0.268369,   -7.679465,    0.234869,    0.125129,    0.039629,    0.029429,    0.566061,    0.004883,
0.277030,   -7.363486,    0.225754,    0.121375,    0.045724,    0.030650,    0.570855,    0.005643,
0.285691,   -7.034079,    0.215929,    0.117468,    0.052059,    0.031478,    0.576606,    0.006460,
0.294351,   -6.694253,    0.205203,    0.113500,    0.058622,    0.031855,    0.583473,    0.007347,
0.303012,   -6.347285,    0.193323,    0.109579,    0.065409,    0.031721,    0.591654,    0.008316,
0.311673,   -5.996824,    0.179964,    0.105836,    0.072423,    0.031002,    0.601394,    0.009382,
0.320334,   -5.647036,    0.164741,    0.102420,    0.079673,    0.029616,    0.612989,    0.010561,
0.328994,   -5.302821,    0.147229,    0.099497,    0.087166,    0.027471,    0.626767,    0.011870,
0.337655,   -4.970111,    0.127027,    0.097238,    0.094896,    0.024476,    0.643044,    0.013319,
0.346316,   -4.656283,    0.103913,    0.095802,    0.102813,    0.020581,    0.661988,    0.014903,
0.354977,   -4.370659,    0.078167,    0.095284,    0.110767,    0.015841,    0.683353,    0.016588,
0.363637,   -4.124929,    0.051111,    0.095640,    0.118406,    0.010551,    0.706008,    0.018285,
0.372298,   -3.933052,    0.025775,    0.096589,    0.125068,    0.005394,    0.727358,    0.019816,
0.380959,   -3.809777,    0.007022,    0.097587,    0.129763,    0.001482,    0.743229,    0.020918,
0.389620,   -3.767107,    0.000000,    0.098014,    0.131477,    0.000000,    0.749183,    0.021325,
0.398282,   -3.801197,    0.006997,    0.096591,    0.130293,    0.001478,    0.743723,    0.020918,
0.406944,   -3.900179,    0.026073,    0.092691,    0.127049,    0.005473,    0.728921,    0.019794,
0.415606,   -4.055570,    0.052776,    0.087173,    0.122464,    0.010969,    0.708428,    0.018190,
0.424268,   -4.256648,    0.082549,    0.080932,    0.117276,    0.016931,    0.685957,    0.016355,
0.432930,   -4.492981,    0.112183,    0.074617,    0.112008,    0.022635,    0.664081,    0.014477,
0.441592,   -4.755676,    0.139968,    0.068594,    0.106942,    0.027697,    0.644128,    0.012670,
0.450254,   -5.037617,    0.165255,    0.063024,    0.102192,    0.031971,    0.626564,    0.010993,
0.458916,   -5.333234,    0.187992,    0.057945,    0.097771,    0.035440,    0.611383,    0.009470,
0.467578,   -5.638145,    0.208403,    0.053332,    0.093649,    0.038141,    0.598369,    0.008107,
0.476240,   -5.948835,    0.226819,    0.049135,    0.089776,    0.040129,    0.587242,    0.006899,
0.484902,   -6.262394,    0.243587,    0.045290,    0.086101,    0.041459,    0.577724,    0.005839,
0.493564,   -6.576330,    0.259032,    0.041736,    0.082572,    0.042173,    0.569572,    0.004914,
0.502226,   -6.888433,    0.273443,    0.038412,    0.079145,    0.042304,    0.562581,    0.004115,
0.510888,   -7.196675,    0.287066,    0.035262,    0.075780,    0.041876,    0.556588,    0.003428,
0.519550,   -7.499135,    0.300108,    0.032236,    0.072447,    0.040901,    0.551466,    0.002842,
0.528212,   -7.793947,    0.312732,    0.029291,    0.069123,    0.039391,    0.547117,    0.002346,
0.536874,   -8.079257,    0.325065,    0.026391,    0.065793,    0.037357,    0.543467,    0.001927,
0.545536,   -8.353187,    0.337187,    0.023510,    0.062454,    0.034812,    0.540460,    0.001577,
0.554198,   -8.613814,    0.349135,    0.020633,    0.059112,    0.031785,    0.538050,    0.001284,
0.562860,   -8.859147,    0.360896,    0.017757,    0.055786,    0.028321,    0.536198,    0.001042,
0.571522,   -9.087119,    0.372401,    0.014898,    0.052510,    0.024490,    0.534861,    0.000841,
0.580184,   -9.295593,    0.383519,    0.012087,    0.049331,    0.020397,    0.533989,    0.000676,
0.588846,   -9.482381,    0.394061,    0.009379,    0.046313,    0.016186,    0.533520,    0.000542,
0.597508,   -9.645287,    0.403775,    0.006846,    0.043532,    0.012038,    0.533376,    0.000433,
0.606170,   -9.782171,    0.412364,    0.004576,    0.041078,    0.008170,    0.533465,    0.000347,
0.614832,   -9.891047,    0.419505,    0.002667,    0.039041,    0.004819,    0.533685,    0.000282,
0.623494,   -9.970187,    0.424884,    0.001217,    0.037510,    0.002218,    0.533934,    0.000237,
0.632156,  -10.018245,    0.428232,    0.000309,    0.036559,    0.000567,    0.534124,    0.000210,
0.640818,  -10.034363,    0.429369,    0.000000,    0.036236,    0.000000,    0.534194,    0.000201,
0.649473,  -10.028022,    0.429498,    0.000135,    0.036060,    0.000000,    0.534066,    0.000241,
0.658128,  -10.009084,    0.429895,    0.000537,    0.035530,    0.000003,    0.533674,    0.000361,
0.666783,   -9.977815,    0.430587,    0.001191,    0.034644,    0.000015,    0.533003,    0.000559,
0.675438,   -9.934677,    0.431619,    0.002076,    0.033396,    0.000049,    0.532027,    0.000834,
0.684093,   -9.880366,    0.433042,    0.003166,    0.031778,    0.000119,    0.530713,    0.001182,
0.692749,   -9.815856,    0.434906,    0.004439,    0.029786,    0.000247,    0.529023,    0.001600,
0.701404,   -9.742466,    0.437225,    0.005890,    0.027419,    0.000459,    0.526924,    0.002083,
0.710059,   -9.661919,    0.439928,    0.007560,    0.024691,    0.000788,    0.524407,    0.002626,
0.718714,   -9.576391,    0.442774,    0.009571,    0.021644,    0.001276,    0.521513,    0.003221,
0.727369,   -9.488480,    0.445233,    0.012173,    0.018379,    0.001977,    0.518383,    0.003855,
0.731411,   -9.488480,    0.445233,    0.012173,    0.018379,    0.001977,    0.518383,    0.003855,
0.740075,   -9.403796,    0.446395,    0.015621,    0.015189,    0.002913,    0.515400,    0.004481,
0.748739,   -9.321859,    0.445242,    0.020401,    0.012243,    0.004162,    0.512869,    0.005083,
0.757403,   -9.244104,    0.440684,    0.026797,    0.009885,    0.005763,    0.511268,    0.005602,
0.766068,   -9.170347,    0.432156,    0.034717,    0.008453,    0.007729,    0.510971,    0.005975,
0.774732,   -9.098450,    0.419989,    0.043600,    0.008153,    0.010026,    0.512083,    0.006149,
0.783396,   -9.024673,    0.405278,    0.052611,    0.009003,    0.012590,    0.514411,    0.006108,
0.792060,   -8.944554,    0.389358,    0.060973,    0.010866,    0.015332,    0.517596,    0.005876,
0.800724,   -8.853821,    0.373317,    0.068193,    0.013537,    0.018162,    0.521285,    0.005506,
0.809388,   -8.748961,    0.357818,    0.074086,    0.016814,    0.020992,    0.525227,    0.005063,
0.818053,   -8.627410,    0.343148,    0.078687,    0.020534,    0.023741,    0.529281,    0.004609,
0.826717,   -8.487508,    0.329346,    0.082144,    0.024576,    0.026340,    0.533399,    0.004195,
0.835381,   -8.328355,    0.316317,    0.084646,    0.028854,    0.028728,    0.537591,    0.003865,
0.844045,   -8.149649,    0.303905,    0.086378,    0.033313,    0.030856,    0.541900,    0.003648,
0.852709,   -7.951555,    0.291929,    0.087507,    0.037916,    0.032688,    0.546391,    0.003569,
0.861373,   -7.734613,    0.280205,    0.088173,    0.042644,    0.034192,    0.551145,    0.003641,
0.870038,   -7.499670,    0.268547,    0.088492,    0.047490,    0.035345,    0.556253,    0.003873,
0.878702,   -7.247856,    0.256766,    0.088557,    0.052455,    0.036128,    0.561826,    0.004269,
0.887366,   -6.980576,    0.244666,    0.088445,    0.057550,    0.036520,    0.567990,    0.004830,
0.896030,   -6.699531,    0.232034,    0.088226,    0.062790,    0.036498,    0.574897,    0.005553,
0.904694,   -6.406764,    0.218635,    0.087963,    0.068200,    0.036034,    0.582733,    0.006435,
0.913358,   -6.104733,    0.204194,    0.087721,    0.073808,    0.035085,    0.591720,    0.007472,
0.922023,   -5.796414,    0.188401,    0.087572,    0.079645,    0.033601,    0.602123,    0.008659,
0.930687,   -5.485454,    0.170902,    0.087600,    0.085744,    0.031514,    0.614249,    0.009991,
0.939351,   -5.176385,    0.151323,    0.087901,    0.092135,    0.028748,    0.628429,    0.011464,
0.948015,   -4.874907,    0.129335,    0.088580,    0.098825,    0.025229,    0.644963,    0.013067,
0.956679,   -4.588273,    0.104807,    0.089729,    0.105777,    0.020924,    0.663984,    0.014780,
0.965343,   -4.325716,    0.078107,    0.091384,    0.112847,    0.015905,    0.685201,    0.016556,
0.974008,   -4.098770,    0.050621,    0.093455,    0.119696,    0.010477,    0.707452,    0.018299,
0.982672,   -3.921045,    0.025333,    0.095628,    0.125697,    0.005307,    0.728199,    0.019837,
0.991336,   -3.806703,    0.006864,    0.097349,    0.129931,    0.001449,    0.743481,    0.020927,
1.000000,   -3.767107,    0.000000,    0.098014,    0.131477,    0.000000,    0.749183,    0.021325,
 
 
0.000000,   -7.182107,    0.000000,    0.255991,    0.059370,    0.000000,    0.677459,    0.007181,
0.008655,   -7.191950,    0.000040,    0.258932,    0.057582,    0.000035,    0.675571,    0.007840,
0.017310,   -7.213771,    0.000565,    0.265033,    0.053676,    0.000149,    0.671332,    0.009245,
0.025965,   -7.231660,    0.002439,    0.270048,    0.049806,    0.000369,    0.666769,    0.010570,
0.034620,   -7.230972,    0.006479,    0.271749,    0.046911,    0.000737,    0.662637,    0.011487,
0.043275,   -7.201064,    0.013085,    0.269560,    0.045122,    0.001297,    0.658937,    0.011999,
0.051930,   -7.135266,    0.021911,    0.263878,    0.044317,    0.002065,    0.655626,    0.012204,
0.060585,   -7.030676,    0.031818,    0.255749,    0.044330,    0.003008,    0.652891,    0.012204,
0.069240,   -6.887791,    0.041261,    0.246495,    0.045004,    0.004047,    0.651122,    0.012072,
0.077895,   -6.709784,    0.048854,    0.237278,    0.046203,    0.005068,    0.650755,    0.011843,
0.086550,   -6.501618,    0.053714,    0.228857,    0.047813,    0.005952,    0.652145,    0.011518,
0.095205,   -6.269367,    0.055488,    0.221574,    0.049738,    0.006594,    0.655528,    0.011077,
0.103861,   -6.019889,    0.054204,    0.215478,    0.051896,    0.006907,    0.661024,    0.010491,
0.112516,   -5.760814,    0.050122,    0.210458,    0.054212,    0.006830,    0.668647,    0.009730,
0.121171,   -5.500712,    0.043646,    0.206350,    0.056614,    0.006331,    0.678278,    0.008781,
0.129826,   -5.249334,    0.035317,    0.202992,    0.059019,    0.005420,    0.689595,    0.007656,
0.138481,   -5.017756,    0.025872,    0.200264,    0.061325,    0.004170,    0.701960,    0.006409,
0.147136,   -4.818217,    0.016310,    0.198104,    0.063398,    0.002736,    0.714305,    0.005146,
0.155791,   -4.663392,    0.007915,    0.196507,    0.065074,    0.001368,    0.725106,    0.004030,
0.164446,   -4.564870,    0.002093,    0.195514,    0.066175,    0.000369,    0.732598,    0.003252,
0.173101,   -4.531006,    0.000000,    0.195175,    0.066561,    0.000000,    0.735293,    0.002971,
0.181762,   -4.528143,    0.000000,    0.194890,    0.066749,    0.000000,    0.735333,    0.003028,
0.190422,   -4.519592,    0.000000,    0.194034,    0.067312,    0.000000,    0.735453,    0.003201,
0.199083,   -4.505472,    0.000000,    0.192610,    0.068249,    0.000000,    0.735654,    0.003487,
0.207744,   -4.485977,    0.000000,    0.190624,    0.069558,    0.000000,    0.735934,    0.003885,
0.216405,   -4.461377,    0.000000,    0.188082,    0.071235,    0.000000,    0.736292,    0.004392,
0.225065,   -4.432014,    0.000000,    0.184996,    0.073273,    0.000000,    0.736726,    0.005005,
0.233726,   -4.398302,    0.000000,    0.181383,    0.075663,    0.000000,    0.737235,    0.005719,
0.242387,   -4.360717,    0.000000,    0.177264,    0.078392,    0.000000,    0.737816,    0.006528,
0.251048,   -4.319800,    0.000000,    0.172670,    0.081441,    0.000000,    0.738464,    0.007425,
0.259708,   -4.276145,    0.000000,    0.167638,    0.084786,    0.000000,    0.739175,    0.008401,
0.268369,   -4.230395,    0.000000,    0.162218,    0.088395,    0.000000,    0.739942,    0.009444,
0.277030,   -4.183236,    0.000000,    0.156471,    0.092229,    0.000000,    0.740757,    0.010543,
0.285691,   -4.135387,    0.000000,    0.150469,    0.096239,    0.000000,    0.741610,    0.011682,
0.294351,   -4.087592,    0.000000,    0.144297,    0.100369,    0.000000,    0.742490,    0.012844,
0.303012,   -4.040609,    0.000000,    0.138055,    0.104551,    0.000000,    0.743382,    0.014012,
0.311673,   -3.995199,    0.000000,    0.131851,    0.108712,    0.000000,    0.744272,    0.015165,
0.320334,   -3.952114,    0.000000,    0.125807,    0.112771,    0.000000,    0.745142,    0.016280,
0.328994,   -3.912082,    0.000000,    0.120050,    0.116640,    0.000000,    0.745973,    0.017336,
0.337655,   -3.875796,    0.000000,    0.114712,    0.120231,    0.000000,    0.746747,    0.018310,
0.346316,   -3.843894,    0.000000,    0.109922,    0.123455,    0.000000,    0.747443,    0.019180,
0.354977,   -3.816949,    0.000000,    0.105805,    0.126227,    0.000000,    0.748043,    0.019924,
0.363637,   -3.795454,    0.000000,    0.102473,    0.128472,    0.000000,    0.748530,    0.020525,
0.372298,   -3.779805,    0.000000,    0.100021,    0.130125,    0.000000,    0.748889,    0.020965,
0.380959,   -3.770297,    0.000000,    0.098519,    0.131137,    0.000000,    0.749109,    0.021235,
0.389620,   -3.767107,    0.000000,    0.098014,    0.131477,    0.000000,    0.749183,    0.021325,
0.398282,   -3.774419,    0.000000,    0.099016,    0.130877,    0.000000,    0.748870,    0.021237,
0.406944,   -3.796197,    0.000000,    0.101985,    0.129096,    0.000000,    0.747945,    0.020974,
0.415606,   -3.831976,    0.000000,    0.106813,    0.126198,    0.000000,    0.746444,    0.020544,
0.424268,   -3.881007,    0.000000,    0.113332,    0.122281,    0.000000,    0.744429,    0.019958,
0.432930,   -3.942296,    0.000000,    0.121324,    0.117469,    0.000000,    0.741975,    0.019231,
0.441592,   -4.014653,    0.000000,    0.130545,    0.111907,    0.000000,    0.739166,    0.018382,
0.450254,   -4.096738,    0.000000,    0.140735,    0.105747,    0.000000,    0.736091,    0.017428,
0.458916,   -4.187114,    0.000000,    0.151634,    0.099141,    0.000000,    0.732834,    0.016391,
0.467578,   -4.284293,    0.000000,    0.162998,    0.092236,    0.000000,    0.729475,    0.015292,
0.476240,   -4.386770,    0.000000,    0.174601,    0.085166,    0.000000,    0.726084,    0.014149,
0.484902,   -4.493062,    0.000000,    0.186244,    0.078052,    0.000000,    0.722721,    0.012983,
0.493564,   -4.601728,    0.000000,    0.197756,    0.070998,    0.000000,    0.719435,    0.011811,
0.502226,   -4.711389,    0.000000,    0.208993,    0.064095,    0.000000,    0.716265,    0.010647,
0.510888,   -4.820737,    0.000000,    0.219835,    0.057416,    0.000000,    0.713241,    0.009507,
0.519550,   -4.928550,    0.000000,    0.230189,    0.051023,    0.000000,    0.710385,    0.008403,
0.528212,   -5.033687,    0.000000,    0.239979,    0.044963,    0.000000,    0.707714,    0.007345,
0.536874,   -5.135099,    0.000000,    0.249148,    0.039275,    0.000000,    0.705236,    0.006341,
0.545536,   -5.231822,    0.000000,    0.257653,    0.033988,    0.000000,    0.702960,    0.005400,
0.554198,   -5.322979,    0.000000,    0.265462,    0.029124,    0.000000,    0.700887,    0.004526,
0.562860,   -5.407778,    0.000000,    0.272555,    0.024699,    0.000000,    0.699020,    0.003726,
0.571522,   -5.485510,    0.000000,    0.278914,    0.020726,    0.000000,    0.697357,    0.003003,
0.580184,   -5.555547,    0.000000,    0.284532,    0.017211,    0.000000,    0.695897,    0.002360,
0.588846,   -5.617339,    0.000000,    0.289403,    0.014160,    0.000000,    0.694639,    0.001799,
0.597508,   -5.670415,    0.000000,    0.293524,    0.011576,    0.000000,    0.693579,    0.001322,
0.606170,   -5.714378,    0.000000,    0.296894,    0.009461,    0.000000,    0.692715,    0.000930,
0.614832,   -5.748904,    0.000000,    0.299514,    0.007816,    0.000000,    0.692046,    0.000625,
0.623494,   -5.773743,    0.000000,    0.301384,    0.006641,    0.000000,    0.691569,    0.000406,
0.632156,   -5.788717,    0.000000,    0.302506,    0.005936,    0.000000,    0.691283,    0.000275,
0.640818,   -5.793721,    0.000000,    0.302880,    0.005701,    0.000000,    0.691188,    0.000231,
0.649473,   -5.821900,    0.000675,    0.302978,    0.006027,    0.000033,    0.689363,    0.000923,
0.658128,   -5.903582,    0.002543,    0.303243,    0.006953,    0.000114,    0.684316,    0.002831,
0.666783,   -6.030944,    0.005187,    0.303604,    0.008349,    0.000197,    0.677129,    0.005533,
0.675438,   -6.192983,    0.008056,    0.303998,    0.010071,    0.000240,    0.669106,    0.008530,
0.684093,   -6.377451,    0.010591,    0.304394,    0.012012,    0.000225,    0.661384,    0.011394,
0.692749,   -6.572286,    0.012305,    0.304800,    0.014125,    0.000162,    0.654767,    0.013841,
0.701404,   -6.766352,    0.012826,    0.305229,    0.016414,    0.000084,    0.649723,    0.015723,
0.710059,   -6.949662,    0.011950,    0.305663,    0.018916,    0.000029,    0.646447,    0.016996,
0.718714,   -7.113332,    0.009706,    0.305991,    0.021666,    0.000030,    0.644926,    0.017681,
0.727369,   -7.249475,    0.006466,    0.305965,    0.024660,    0.000103,    0.644963,    0.017842,
0.731411,   -7.249475,    0.006466,    0.305965,    0.024660,    0.000103,    0.644963,    0.017842,
0.740075,   -7.348552,    0.003127,    0.305214,    0.027709,    0.000236,    0.646127,    0.017586,
0.748739,   -7.410428,    0.000647,    0.303291,    0.030726,    0.000405,    0.647900,    0.017031,
0.757403,   -7.431859,    0.000097,    0.299850,    0.033452,    0.000576,    0.649725,    0.016300,
0.766068,   -7.411988,    0.002063,    0.294902,    0.035630,    0.000724,    0.651160,    0.015521,
0.774732,   -7.352594,    0.006273,    0.288903,    0.037125,    0.000840,    0.652053,    0.014805,
0.783396,   -7.257672,    0.011728,    0.282569,    0.037981,    0.000933,    0.652568,    0.014222,
0.792060,   -7.132476,    0.017216,    0.276537,    0.038388,    0.001014,    0.653049,    0.013796,
0.800724,   -6.982548,    0.021794,    0.271151,    0.038602,    0.001089,    0.653848,    0.013516,
0.809388,   -6.813088,    0.024958,    0.266436,    0.038867,    0.001160,    0.655224,    0.013356,
0.818053,   -6.628696,    0.026586,    0.262195,    0.039389,    0.001220,    0.657326,    0.013285,
0.826717,   -6.433375,    0.026798,    0.258122,    0.040328,    0.001263,    0.660211,    0.013278,
0.835381,   -6.230627,    0.025836,    0.253879,    0.041806,    0.001285,    0.663875,    0.013319,
0.844045,   -6.023572,    0.023988,    0.249150,    0.043913,    0.001278,    0.668274,    0.013397,
0.852709,   -5.815044,    0.021536,    0.243669,    0.046709,    0.001242,    0.673332,    0.013511,
0.861373,   -5.607660,    0.018738,    0.237239,    0.050228,    0.001177,    0.678954,    0.013665,
0.870038,   -5.403854,    0.015814,    0.229733,    0.054477,    0.001084,    0.685026,    0.013865,
0.878702,   -5.205888,    0.012943,    0.221110,    0.059434,    0.000969,    0.691422,    0.014122,
0.887366,   -5.015837,    0.010260,    0.211409,    0.065044,    0.000839,    0.698001,    0.014447,
0.896030,   -4.835570,    0.007861,    0.200751,    0.071220,    0.000700,    0.704618,    0.014849,
0.904694,   -4.666720,    0.005803,    0.189331,    0.077844,    0.000561,    0.711128,    0.015333,
0.913358,   -4.510650,    0.004110,    0.177408,    0.084767,    0.000430,    0.717388,    0.015897,
0.922023,   -4.368441,    0.002775,    0.165288,    0.091817,    0.000313,    0.723273,    0.016535,
0.930687,   -4.240877,    0.001771,    0.153306,    0.098806,    0.000214,    0.728675,    0.017230,
0.939351,   -4.128460,    0.001055,    0.141804,    0.105537,    0.000136,    0.733508,    0.017959,
0.948015,   -4.031437,    0.000576,    0.131116,    0.111819,    0.000078,    0.737718,    0.018693,
0.956679,   -3.949841,    0.000280,    0.121545,    0.117469,    0.000040,    0.741269,    0.019397,
0.965343,   -3.883555,    0.000115,    0.113356,    0.122323,    0.000017,    0.744153,    0.020035,
0.974008,   -3.832364,    0.000037,    0.106766,    0.126246,    0.000006,    0.746372,    0.020574,
0.982672,   -3.796026,    0.000007,    0.101942,    0.129126,    0.000001,    0.747941,    0.020983,
0.991336,   -3.774323,    0.000000,    0.099002,    0.130886,    0.000000,    0.748874,    0.021239,
1.000000,   -3.767107,    0.000000,    0.098014,    0.131477,    0.000000,    0.749183,    0.021325,
 
 
0.000000,   -6.474875,    0.000000,    0.343423,    0.000210,    0.000000,    0.623905,    0.032462,
0.008655,   -6.447325,    0.000272,    0.339423,    0.002316,    0.000000,    0.626396,    0.031593,
0.017310,   -6.371807,    0.000882,    0.329994,    0.007182,    0.000002,    0.632375,    0.029564,
0.025965,   -6.262643,    0.001492,    0.318991,    0.012668,    0.000007,    0.639616,    0.027225,
0.034620,   -6.132316,    0.001920,    0.308180,    0.017844,    0.000015,    0.647101,    0.024941,
0.043275,   -5.989531,    0.002121,    0.297899,    0.022579,    0.000022,    0.654612,    0.022766,
0.051930,   -5.840300,    0.002120,    0.288049,    0.026974,    0.000027,    0.662156,    0.020675,
0.060585,   -5.689038,    0.001963,    0.278474,    0.031143,    0.000031,    0.669750,    0.018638,
0.069240,   -5.539209,    0.001707,    0.269071,    0.035170,    0.000031,    0.677372,    0.016649,
0.077895,   -5.393656,    0.001400,    0.259804,    0.039098,    0.000029,    0.684955,    0.014714,
0.086550,   -5.254766,    0.001084,    0.250697,    0.042938,    0.000026,    0.692403,    0.012852,
0.095205,   -5.124550,    0.000791,    0.241825,    0.046672,    0.000021,    0.699601,    0.011090,
0.103861,   -5.004689,    0.000540,    0.233303,    0.050264,    0.000015,    0.706423,    0.009455,
0.112516,   -4.896550,    0.000341,    0.225273,    0.053659,    0.000011,    0.712745,    0.007971,
0.121171,   -4.801218,    0.000196,    0.217892,    0.056794,    0.000006,    0.718452,    0.006660,
0.129826,   -4.719522,    0.000099,    0.211319,    0.059601,    0.000003,    0.723441,    0.005537,
0.138481,   -4.652064,    0.000042,    0.205705,    0.062009,    0.000002,    0.727628,    0.004614,
0.147136,   -4.599262,    0.000014,    0.201187,    0.063957,    0.000001,    0.730948,    0.003894,
0.155791,   -4.561389,    0.000003,    0.197876,    0.065389,    0.000000,    0.733351,    0.003381,
0.164446,   -4.538608,    0.000000,    0.195855,    0.066266,    0.000000,    0.734806,    0.003073,
0.173101,   -4.531006,    0.000000,    0.195175,    0.066561,    0.000000,    0.735293,    0.002971,
0.181762,   -4.528143,    0.000000,    0.194890,    0.066749,    0.000000,    0.735333,    0.003028,
0.190422,   -4.519592,    0.000000,    0.194034,    0.067312,    0.000000,    0.735453,    0.003201,
0.199083,   -4.505472,    0.000000,    0.192610,    0.068249,    0.000000,    0.735654,    0.003487,
0.207744,   -4.485977,    0.000000,    0.190624,    0.069558,    0.000000,    0.735934,    0.003885,
0.216405,   -4.461377,    0.000000,    0.188082,    0.071235,    0.000000,    0.736292,    0.004392,
0.225065,   -4.432014,    0.000000,    0.184996,    0.073273,    0.000000,    0.736726,    0.005005,
0.233726,   -4.398302,    0.000000,    0.181383,    0.075663,    0.000000,    0.737235,    0.005719,
0.242387,   -4.360717,    0.000000,    0.177264,    0.078392,    0.000000,    0.737816,    0.006528,
0.251048,   -4.319800,    0.000000,    0.172670,    0.081441,    0.000000,    0.738464,    0.007425,
0.259708,   -4.276145,    0.000000,    0.167638,    0.084786,    0.000000,    0.739175,    0.008401,
0.268369,   -4.230395,    0.000000,    0.162218,    0.088395,    0.000000,    0.739942,    0.009444,
0.277030,   -4.183236,    0.000000,    0.156471,    0.092229,    0.000000,    0.740757,    0.010543,
0.285691,   -4.135387,    0.000000,    0.150469,    0.096239,    0.000000,    0.741610,    0.011682,
0.294351,   -4.087592,    0.000000,    0.144297,    0.100369,    0.000000,    0.742490,    0.012844,
0.303012,   -4.040609,    0.000000,    0.138055,    0.104551,    0.000000,    0.743382,    0.014012,
0.311673,   -3.995199,    0.000000,    0.131851,    0.108712,    0.000000,    0.744272,    0.015165,
0.320334,   -3.952114,    0.000000,    0.125807,    0.112771,    0.000000,    0.745142,    0.016280,
0.328994,   -3.912082,    0.000000,    0.120050,    0.116640,    0.000000,    0.745973,    0.017336,
0.337655,   -3.875796,    0.000000,    0.114712,    0.120231,    0.000000,    0.746747,    0.018310,
0.346316,   -3.843894,    0.000000,    0.109922,    0.123455,    0.000000,    0.747443,    0.019180,
0.354977,   -3.816949,    0.000000,    0.105805,    0.126227,    0.000000,    0.748043,    0.019924,
0.363637,   -3.795454,    0.000000,    0.102473,    0.128472,    0.000000,    0.748530,    0.020525,
0.372298,   -3.779805,    0.000000,    0.100021,    0.130125,    0.000000,    0.748889,    0.020965,
0.380959,   -3.770297,    0.000000,    0.098519,    0.131137,    0.000000,    0.749109,    0.021235,
0.389620,   -3.767107,    0.000000,    0.098014,    0.131477,    0.000000,    0.749183,    0.021325,
0.398282,   -3.774419,    0.000000,    0.099016,    0.130877,    0.000000,    0.748870,    0.021237,
0.406944,   -3.796197,    0.000000,    0.101985,    0.129096,    0.000000,    0.747945,    0.020974,
0.415606,   -3.831976,    0.000000,    0.106813,    0.126198,    0.000000,    0.746444,    0.020544,
0.424268,   -3.881007,    0.000000,    0.113332,    0.122281,    0.000000,    0.744429,    0.019958,
0.432930,   -3.942296,    0.000000,    0.121324,    0.117469,    0.000000,    0.741975,    0.019231,
0.441592,   -4.014653,    0.000000,    0.130545,    0.111907,    0.000000,    0.739166,    0.018382,
0.450254,   -4.096738,    0.000000,    0.140735,    0.105747,    0.000000,    0.736091,    0.017428,
0.458916,   -4.187114,    0.000000,    0.151634,    0.099141,    0.000000,    0.732834,    0.016391,
0.467578,   -4.284293,    0.000000,    0.162998,    0.092236,    0.000000,    0.729475,    0.015292,
0.476240,   -4.386770,    0.000000,    0.174601,    0.085166,    0.000000,    0.726084,    0.014149,
0.484902,   -4.493062,    0.000000,    0.186244,    0.078052,    0.000000,    0.722721,    0.012983,
0.493564,   -4.601728,    0.000000,    0.197756,    0.070998,    0.000000,    0.719435,    0.011811,
0.502226,   -4.711389,    0.000000,    0.208993,    0.064095,    0.000000,    0.716265,    0.010647,
0.510888,   -4.820737,    0.000000,    0.219835,    0.057416,    0.000000,    0.713241,    0.009507,
0.519550,   -4.928550,    0.000000,    0.230189,    0.051023,    0.000000,    0.710385,    0.008403,
0.528212,   -5.033687,    0.000000,    0.239979,    0.044963,    0.000000,    0.707714,    0.007345,
0.536874,   -5.135099,    0.000000,    0.249148,    0.039275,    0.000000,    0.705236,    0.006341,
0.545536,   -5.231822,    0.000000,    0.257653,    0.033988,    0.000000,    0.702960,    0.005400,
0.554198,   -5.322979,    0.000000,    0.265462,    0.029124,    0.000000,    0.700887,    0.004526,
0.562860,   -5.407778,    0.000000,    0.272555,    0.024699,    0.000000,    0.699020,    0.003726,
0.571522,   -5.485510,    0.000000,    0.278914,    0.020726,    0.000000,    0.697357,    0.003003,
0.580184,   -5.555547,    0.000000,    0.284532,    0.017211,    0.000000,    0.695897,    0.002360,
0.588846,   -5.617339,    0.000000,    0.289403,    0.014160,    0.000000,    0.694639,    0.001799,
0.597508,   -5.670415,    0.000000,    0.293524,    0.011576,    0.000000,    0.693579,    0.001322,
0.606170,   -5.714378,    0.000000,    0.296894,    0.009461,    0.000000,    0.692715,    0.000930,
0.614832,   -5.748904,    0.000000,    0.299514,    0.007816,    0.000000,    0.692046,    0.000625,
0.623494,   -5.773743,    0.000000,    0.301384,    0.006641,    0.000000,    0.691569,    0.000406,
0.632156,   -5.788717,    0.000000,    0.302506,    0.005936,    0.000000,    0.691283,    0.000275,
0.640818,   -5.793721,    0.000000,    0.302880,    0.005701,    0.000000,    0.691188,    0.000231,
0.649473,   -5.791189,    0.000000,    0.302621,    0.005896,    0.000000,    0.691183,    0.000300,
0.658128,   -5.783566,    0.000000,    0.301845,    0.006478,    0.000000,    0.691171,    0.000506,
0.666783,   -5.770768,    0.000000,    0.300553,    0.007442,    0.000000,    0.691163,    0.000842,
0.675438,   -5.752660,    0.000000,    0.298748,    0.008778,    0.000000,    0.691174,    0.001300,
0.684093,   -5.729068,    0.000000,    0.296434,    0.010475,    0.000000,    0.691226,    0.001865,
0.692749,   -5.699792,    0.000000,    0.293614,    0.012516,    0.000000,    0.691347,    0.002522,
0.701404,   -5.664621,    0.000000,    0.290295,    0.014883,    0.000000,    0.691570,    0.003253,
0.710059,   -5.623351,    0.000000,    0.286481,    0.017556,    0.000000,    0.691929,    0.004034,
0.718714,   -5.575811,    0.000000,    0.282179,    0.020512,    0.000000,    0.692464,    0.004845,
0.727369,   -5.521880,    0.000000,    0.277397,    0.023728,    0.000000,    0.693215,    0.005660,
0.731411,   -5.521880,    0.000000,    0.277397,    0.023728,    0.000000,    0.693215,    0.005660,
0.740075,   -5.463564,    0.000000,    0.272320,    0.027066,    0.000000,    0.694184,    0.006430,
0.748739,   -5.399275,    0.000000,    0.266810,    0.030604,    0.000000,    0.695425,    0.007161,
0.757403,   -5.329172,    0.000000,    0.260877,    0.034320,    0.000000,    0.696968,    0.007835,
0.766068,   -5.253539,    0.000000,    0.254534,    0.038194,    0.000000,    0.698838,    0.008434,
0.774732,   -5.172797,    0.000000,    0.247796,    0.042209,    0.000000,    0.701049,    0.008946,
0.783396,   -5.087518,    0.000000,    0.240683,    0.046347,    0.000000,    0.703606,    0.009364,
0.792060,   -4.998422,    0.000000,    0.233220,    0.050592,    0.000000,    0.706502,    0.009686,
0.800724,   -4.906375,    0.000000,    0.225439,    0.054931,    0.000000,    0.709713,    0.009917,
0.809388,   -4.812376,    0.000000,    0.217380,    0.059351,    0.000000,    0.713200,    0.010069,
0.818053,   -4.717533,    0.000000,    0.209093,    0.063839,    0.000000,    0.716907,    0.010162,
0.826717,   -4.623030,    0.000000,    0.200636,    0.068383,    0.000000,    0.720761,    0.010220,
0.835381,   -4.530084,    0.000000,    0.192080,    0.072968,    0.000000,    0.724678,    0.010273,
0.844045,   -4.439898,    0.000000,    0.183504,    0.077579,    0.000000,    0.728563,    0.010354,
0.852709,   -4.353605,    0.000000,    0.174994,    0.082194,    0.000000,    0.732318,    0.010494,
0.861373,   -4.272221,    0.000000,    0.166640,    0.086791,    0.000000,    0.735847,    0.010723,
0.870038,   -4.196593,    0.000000,    0.158533,    0.091339,    0.000000,    0.739065,    0.011064,
0.878702,   -4.127369,    0.000000,    0.150760,    0.095806,    0.000000,    0.741905,    0.011530,
0.887366,   -4.064972,    0.000000,    0.143399,    0.100156,    0.000000,    0.744320,    0.012126,
0.896030,   -4.009597,    0.000000,    0.136516,    0.104351,    0.000000,    0.746287,    0.012845,
0.904694,   -3.961222,    0.000000,    0.130165,    0.108353,    0.000000,    0.747810,    0.013672,
0.913358,   -3.919627,    0.000000,    0.124380,    0.112125,    0.000000,    0.748914,    0.014582,
0.922023,   -3.884439,    0.000000,    0.119185,    0.115631,    0.000000,    0.749640,    0.015544,
0.930687,   -3.855161,    0.000000,    0.114587,    0.118841,    0.000000,    0.750046,    0.016525,
0.939351,   -3.831226,    0.000000,    0.110584,    0.121728,    0.000000,    0.750197,    0.017490,
0.948015,   -3.812030,    0.000000,    0.107166,    0.124270,    0.000000,    0.750160,    0.018404,
0.956679,   -3.796978,    0.000000,    0.104317,    0.126446,    0.000000,    0.750002,    0.019235,
0.965343,   -3.785513,    0.000000,    0.102018,    0.128245,    0.000000,    0.749782,    0.019955,
0.974008,   -3.777143,    0.000000,    0.100253,    0.129654,    0.000000,    0.749553,    0.020540,
0.982672,   -3.771465,    0.000000,    0.099005,    0.130665,    0.000000,    0.749358,    0.020972,
0.991336,   -3.768181,    0.000000,    0.098261,    0.131274,    0.000000,    0.749229,    0.021236,
1.000000,   -3.767107,    0.000000,    0.098014,    0.131477,    0.000000,    0.749183,    0.021325,
 
 
0.000000,    4.911704,    0.000000,    0.601238,    0.029885,    0.271808,    0.000000,    0.097069,
0.008655,    4.890719,    0.008763,    0.592944,    0.029986,    0.268929,    0.003636,    0.095743,
0.017310,    4.830108,    0.032790,    0.570187,    0.030298,    0.261106,    0.013496,    0.092123,
0.025965,    4.735909,    0.066777,    0.538002,    0.030809,    0.250270,    0.027122,    0.087020,
0.034620,    4.615684,    0.105217,    0.501722,    0.031421,    0.238462,    0.041968,    0.081210,
0.043275,    4.476552,    0.144181,    0.465269,    0.031970,    0.227181,    0.056230,    0.075168,
0.051930,    4.324140,    0.181546,    0.430864,    0.032281,    0.217268,    0.068952,    0.069089,
0.060585,    4.162313,    0.216473,    0.399459,    0.032223,    0.209073,    0.079769,    0.063003,
0.069240,    3.993354,    0.248829,    0.371268,    0.031729,    0.202652,    0.088629,    0.056893,
0.077895,    3.818299,    0.278789,    0.346149,    0.030803,    0.197905,    0.095589,    0.050766,
0.086550,    3.637365,    0.306602,    0.323846,    0.029504,    0.194656,    0.100696,    0.044697,
0.095205,    3.450423,    0.332478,    0.304120,    0.027940,    0.192691,    0.103926,    0.038845,
0.103861,    3.257592,    0.356543,    0.286814,    0.026246,    0.191777,    0.105170,    0.033449,
0.112516,    3.059925,    0.378838,    0.271869,    0.024562,    0.191678,    0.104259,    0.028794,
0.121171,    2.860190,    0.399332,    0.259293,    0.023001,    0.192174,    0.101053,    0.025147,
0.129826,    2.663577,    0.417941,    0.249102,    0.021636,    0.193071,    0.095579,    0.022671,
0.138481,    2.478108,    0.434484,    0.241249,    0.020490,    0.194208,    0.088213,    0.021357,
0.147136,    2.314455,    0.448599,    0.235581,    0.019562,    0.195425,    0.079842,    0.020991,
0.155791,    2.184883,    0.459658,    0.231849,    0.018856,    0.196541,    0.071896,    0.021200,
0.164446,    2.101238,    0.466822,    0.229765,    0.018403,    0.197340,    0.066113,    0.021557,
0.173101,    2.072273,    0.469316,    0.229100,    0.018246,    0.197633,    0.063986,    0.021720,
0.181762,    2.072439,    0.469669,    0.228906,    0.018004,    0.197522,    0.064183,    0.021716,
0.190422,    2.072770,    0.470740,    0.228297,    0.017289,    0.197193,    0.064776,    0.021704,
0.199083,    2.072770,    0.472563,    0.227193,    0.016138,    0.196655,    0.065770,    0.021680,
0.207744,    2.071619,    0.475194,    0.225464,    0.014613,    0.195921,    0.067171,    0.021638,
0.216405,    2.068175,    0.478703,    0.222935,    0.012798,    0.195010,    0.068984,    0.021570,
0.225065,    2.061001,    0.483174,    0.219400,    0.010804,    0.193946,    0.071211,    0.021465,
0.233726,    2.048381,    0.488693,    0.214630,    0.008765,    0.192759,    0.073842,    0.021311,
0.242387,    2.028374,    0.495343,    0.208401,    0.006829,    0.191481,    0.076852,    0.021093,
0.251048,    1.998874,    0.503191,    0.200518,    0.005155,    0.190152,    0.080190,    0.020794,
0.259708,    1.957704,    0.512286,    0.190844,    0.003893,    0.188814,    0.083766,    0.020397,
0.268369,    1.902734,    0.522650,    0.179335,    0.003171,    0.187516,    0.087444,    0.019883,
0.277030,    1.832027,    0.534288,    0.166067,    0.003070,    0.186316,    0.091026,    0.019234,
0.285691,    1.744008,    0.547193,    0.151247,    0.003602,    0.185282,    0.094246,    0.018430,
0.294351,    1.637639,    0.561374,    0.135210,    0.004701,    0.184496,    0.096762,    0.017457,
0.303012,    1.512599,    0.576884,    0.118393,    0.006210,    0.184054,    0.098158,    0.016301,
0.311673,    1.369457,    0.593844,    0.101287,    0.007896,    0.184072,    0.097947,    0.014955,
0.320334,    1.209851,    0.612469,    0.084383,    0.009466,    0.184680,    0.095588,    0.013414,
0.328994,    1.036679,    0.633055,    0.068124,    0.010603,    0.186019,    0.090515,    0.011685,
0.337655,    0.854353,    0.655920,    0.052870,    0.011004,    0.188224,    0.082198,    0.009783,
0.346316,    0.669134,    0.681249,    0.038902,    0.010435,    0.191388,    0.070282,    0.007743,
0.354977,    0.489550,    0.708759,    0.026457,    0.008807,    0.195488,    0.054859,    0.005630,
0.363637,    0.326747,    0.737143,    0.015819,    0.006274,    0.200257,    0.036942,    0.003565,
0.372298,    0.194323,    0.763399,    0.007429,    0.003357,    0.205029,    0.019035,    0.001750,
0.380959,    0.106801,    0.782692,    0.001932,    0.000947,    0.208706,    0.005254,    0.000468,
0.389620,    0.076062,    0.789892,    0.000000,    0.000000,    0.210108,    0.000000,    0.000000,
0.398282,    0.106643,    0.782718,    0.001911,    0.000950,    0.208709,    0.005245,    0.000466,
0.406944,    0.195070,    0.763097,    0.007295,    0.003489,    0.204952,    0.019397,    0.001770,
0.415606,    0.332752,    0.735430,    0.015352,    0.006890,    0.199857,    0.038780,    0.003691,
0.424268,    0.508767,    0.704186,    0.025294,    0.010408,    0.194466,    0.059640,    0.006005,
0.432930,    0.712335,    0.672425,    0.036639,    0.013506,    0.189515,    0.079339,    0.008575,
0.441592,    0.934000,    0.641624,    0.049272,    0.015894,    0.185401,    0.096446,    0.011364,
0.450254,    1.165757,    0.612075,    0.063394,    0.017459,    0.182287,    0.110341,    0.014444,
0.458916,    1.400665,    0.583294,    0.079488,    0.018203,    0.180210,    0.120805,    0.018000,
0.467578,    1.632270,    0.554252,    0.098316,    0.018212,    0.179139,    0.127723,    0.022358,
0.476240,    1.853974,    0.523450,    0.120939,    0.017655,    0.179001,    0.130908,    0.028046,
0.484902,    2.058400,    0.488929,    0.148730,    0.016824,    0.179652,    0.130011,    0.035855,
0.493564,    2.236836,    0.448366,    0.183216,    0.016190,    0.180808,    0.124532,    0.046888,
0.502226,    2.379025,    0.399580,    0.225541,    0.016462,    0.181941,    0.114040,    0.062436,
0.510888,    2.473947,    0.341820,    0.275276,    0.018534,    0.182222,    0.098684,    0.083464,
0.519550,    2.512351,    0.277611,    0.328987,    0.023170,    0.180724,    0.079868,    0.109640,
0.528212,    2.490733,    0.213269,    0.380326,    0.030459,    0.176985,    0.060331,    0.138630,
0.536874,    2.414096,    0.156119,    0.422995,    0.039575,    0.171446,    0.042969,    0.166896,
0.545536,    2.294608,    0.110506,    0.454092,    0.049242,    0.165173,    0.029386,    0.191600,
0.554198,    2.147256,    0.076714,    0.474433,    0.058416,    0.159160,    0.019641,    0.211636,
0.562860,    1.986006,    0.052677,    0.486601,    0.066555,    0.153958,    0.012974,    0.227236,
0.571522,    1.822133,    0.035848,    0.493249,    0.073498,    0.149725,    0.008503,    0.239177,
0.580184,    1.664127,    0.024088,    0.496431,    0.079287,    0.146407,    0.005515,    0.248271,
0.588846,    1.518206,    0.015836,    0.497561,    0.084031,    0.143871,    0.003512,    0.255189,
0.597508,    1.388880,    0.010031,    0.497562,    0.087848,    0.141970,    0.002163,    0.260427,
0.606170,    1.279416,    0.005964,    0.497022,    0.090841,    0.140578,    0.001255,    0.264340,
0.614832,    1.192161,    0.003171,    0.496314,    0.093093,    0.139594,    0.000655,    0.267173,
0.623494,    1.128761,    0.001355,    0.495674,    0.094661,    0.138942,    0.000276,    0.269093,
0.632156,    1.090307,    0.000331,    0.495239,    0.095587,    0.138571,    0.000067,    0.270205,
0.640818,    1.077422,    0.000000,    0.495087,    0.095893,    0.138450,    0.000000,    0.270570,
0.649473,    1.109040,    0.000023,    0.494566,    0.095905,    0.138754,    0.001092,    0.269660,
0.658128,    1.200688,    0.000350,    0.492935,    0.096006,    0.139642,    0.004020,    0.267048,
0.666783,    1.343595,    0.001678,    0.489993,    0.096340,    0.141033,    0.007948,    0.263008,
0.675438,    1.525528,    0.004925,    0.485453,    0.097040,    0.142785,    0.012000,    0.257797,
0.684093,    1.733201,    0.010982,    0.479040,    0.098118,    0.144712,    0.015623,    0.251525,
0.692749,    1.954207,    0.020500,    0.470620,    0.099412,    0.146629,    0.018716,    0.244122,
0.701404,    2.178160,    0.033771,    0.460297,    0.100586,    0.148413,    0.021530,    0.235402,
0.710059,    2.397069,    0.050728,    0.448411,    0.101196,    0.150035,    0.024483,    0.225148,
0.718714,    2.605113,    0.071045,    0.435437,    0.100773,    0.151562,    0.027990,    0.213193,
0.727369,    2.798091,    0.094282,    0.421848,    0.098918,    0.153125,    0.032364,    0.199462,
0.731411,    2.798091,    0.094282,    0.421848,    0.098918,    0.153125,    0.032364,    0.199462,
0.740075,    2.967475,    0.119119,    0.408451,    0.095501,    0.154819,    0.037585,    0.184524,
0.748739,    3.117273,    0.145875,    0.394992,    0.090376,    0.156819,    0.043819,    0.168119,
0.757403,    3.245163,    0.174161,    0.381509,    0.083588,    0.159210,    0.051002,    0.150531,
0.766068,    3.348895,    0.203547,    0.367939,    0.075334,    0.162018,    0.058982,    0.132180,
0.774732,    3.426374,    0.233514,    0.354170,    0.065964,    0.165198,    0.067525,    0.113629,
0.783396,    3.475868,    0.263444,    0.340093,    0.055960,    0.168630,    0.076329,    0.095544,
0.792060,    3.496280,    0.292660,    0.325648,    0.045884,    0.172127,    0.085050,    0.078631,
0.800724,    3.487397,    0.320518,    0.310837,    0.036306,    0.175469,    0.093340,    0.063532,
0.809388,    3.450025,    0.346517,    0.295726,    0.027715,    0.178436,    0.100892,    0.050713,
0.818053,    3.385956,    0.370392,    0.280419,    0.020449,    0.180858,    0.107486,    0.040396,
0.826717,    3.297766,    0.392133,    0.265017,    0.014666,    0.182641,    0.113002,    0.032541,
0.835381,    3.188503,    0.411958,    0.249598,    0.010362,    0.183767,    0.117417,    0.026897,
0.844045,    3.061342,    0.430226,    0.234200,    0.007415,    0.184293,    0.120781,    0.023086,
0.852709,    2.919310,    0.447355,    0.218821,    0.005641,    0.184318,    0.123184,    0.020680,
0.861373,    2.765082,    0.463765,    0.203437,    0.004835,    0.183969,    0.124726,    0.019269,
0.870038,    2.600887,    0.479831,    0.188008,    0.004799,    0.183379,    0.125491,    0.018492,
0.878702,    2.428480,    0.495880,    0.172500,    0.005355,    0.182679,    0.125532,    0.018054,
0.887366,    2.249174,    0.512190,    0.156894,    0.006342,    0.181996,    0.124854,    0.017723,
0.896030,    2.063913,    0.529000,    0.141199,    0.007612,    0.181450,    0.123409,    0.017330,
0.904694,    1.873381,    0.546532,    0.125458,    0.009020,    0.181155,    0.121078,    0.016758,
0.913358,    1.678145,    0.565005,    0.109756,    0.010416,    0.181225,    0.117665,    0.015933,
0.922023,    1.478844,    0.584654,    0.094219,    0.011639,    0.181776,    0.112891,    0.014820,
0.930687,    1.276440,    0.605746,    0.079012,    0.012514,    0.182923,    0.106392,    0.013414,
0.939351,    1.072548,    0.628563,    0.064326,    0.012853,    0.184784,    0.097738,    0.011736,
0.948015,    0.869863,    0.653362,    0.050370,    0.012478,    0.187463,    0.086498,    0.009828,
0.956679,    0.672683,    0.680229,    0.037371,    0.011252,    0.191021,    0.072375,    0.007753,
0.965343,    0.487487,    0.708775,    0.025588,    0.009146,    0.195400,    0.055486,    0.005606,
0.974008,    0.323390,    0.737631,    0.015371,    0.006339,    0.200315,    0.036819,    0.003525,
0.982672,    0.192022,    0.763850,    0.007238,    0.003327,    0.205108,    0.018757,    0.001719,
0.991336,    0.106088,    0.782854,    0.001885,    0.000928,    0.208737,    0.005139,    0.000458,
1.000000,    0.076062,    0.789892,    0.000000,    0.000000,    0.210108,    0.000000,    0.000000,
 
 
0.000000,    7.195648,    0.607624,    0.000000,    0.029150,    0.000000,    0.359026,    0.004200,
0.008655,    7.164750,    0.518602,    0.024411,    0.068092,    0.002345,    0.327103,    0.059447,
0.017310,    7.103366,    0.391966,    0.064758,    0.121234,    0.007280,    0.279877,    0.134884,
0.025965,    7.041126,    0.296359,    0.102583,    0.158296,    0.012638,    0.241565,    0.188559,
0.034620,    6.985677,    0.225824,    0.136658,    0.183146,    0.017284,    0.210696,    0.226392,
0.043275,    6.937921,    0.172974,    0.167107,    0.199934,    0.020659,    0.185173,    0.254153,
0.051930,    6.897555,    0.133043,    0.194277,    0.211197,    0.022627,    0.163677,    0.275179,
0.060585,    6.864369,    0.102690,    0.218675,    0.218545,    0.023293,    0.145297,    0.291499,
0.069240,    6.838386,    0.079452,    0.240828,    0.223056,    0.022866,    0.129375,    0.304422,
0.077895,    6.819713,    0.061501,    0.261184,    0.225479,    0.021579,    0.115441,    0.314816,
0.086550,    6.808354,    0.047488,    0.280069,    0.226351,    0.019653,    0.103169,    0.323270,
0.095205,    6.804068,    0.036423,    0.297685,    0.226074,    0.017288,    0.092342,    0.330188,
0.103861,    6.806272,    0.027589,    0.314114,    0.224962,    0.014660,    0.082818,    0.335856,
0.112516,    6.814008,    0.020473,    0.329332,    0.223275,    0.011927,    0.074512,    0.340480,
0.121171,    6.825954,    0.014716,    0.343225,    0.221244,    0.009230,    0.067371,    0.344214,
0.129826,    6.840496,    0.010074,    0.355610,    0.219078,    0.006697,    0.061362,    0.347179,
0.138481,    6.855839,    0.006392,    0.366251,    0.216976,    0.004443,    0.056467,    0.349472,
0.147136,    6.870159,    0.003579,    0.374890,    0.215117,    0.002570,    0.052673,    0.351171,
0.155791,    6.881779,    0.001587,    0.381278,    0.213661,    0.001166,    0.049970,    0.352338,
0.164446,    6.889342,    0.000397,    0.385205,    0.212734,    0.000295,    0.048351,    0.353019,
0.173101,    6.891965,    0.000000,    0.386530,    0.212415,    0.000000,    0.047811,    0.353243,
0.181762,    6.900103,    0.000000,    0.386945,    0.212147,    0.000000,    0.047912,    0.352995,
0.190422,    6.924387,    0.000000,    0.388213,    0.211328,    0.000000,    0.048219,    0.352241,
0.199083,    6.964429,    0.000000,    0.390399,    0.209908,    0.000000,    0.048740,    0.350954,
0.207744,    7.019564,    0.000000,    0.393615,    0.207807,    0.000000,    0.049491,    0.349086,
0.216405,    7.088823,    0.000000,    0.398025,    0.204906,    0.000000,    0.050498,    0.346571,
0.225065,    7.170899,    0.000000,    0.403848,    0.201044,    0.000000,    0.051792,    0.343316,
0.233726,    7.264087,    0.000000,    0.411361,    0.196018,    0.000000,    0.053418,    0.339203,
0.242387,    7.366222,    0.000000,    0.420896,    0.189581,    0.000000,    0.055429,    0.334094,
0.251048,    7.474589,    0.000000,    0.432832,    0.181449,    0.000000,    0.057891,    0.327829,
0.259708,    7.585839,    0.000000,    0.447547,    0.171329,    0.000000,    0.060872,    0.320252,
0.268369,    7.695930,    0.000000,    0.465341,    0.158978,    0.000000,    0.064432,    0.311250,
0.277030,    7.800143,    0.000000,    0.486280,    0.144302,    0.000000,    0.068596,    0.300822,
0.285691,    7.893298,    0.000000,    0.509989,    0.127515,    0.000000,    0.073315,    0.289181,
0.294351,    7.970273,    0.000000,    0.535453,    0.109283,    0.000000,    0.078418,    0.276845,
0.303012,    8.026893,    0.000000,    0.561018,    0.090746,    0.000000,    0.083603,    0.264634,
0.311673,    8.060993,    0.000000,    0.584746,    0.073282,    0.000000,    0.088482,    0.253489,
0.320334,    8.073150,    0.000000,    0.605070,    0.058060,    0.000000,    0.092710,    0.244160,
0.328994,    8.066631,    0.000000,    0.621284,    0.045666,    0.000000,    0.096093,    0.236957,
0.337655,    8.046524,    0.000000,    0.633556,    0.036074,    0.000000,    0.098618,    0.231752,
0.346316,    8.010343,    0.019768,    0.598658,    0.042662,    0.005560,    0.111630,    0.221722,
0.354977,    7.975096,    0.012576,    0.619854,    0.033462,    0.003560,    0.108636,    0.221912,
0.363637,    7.949178,    0.007036,    0.636713,    0.025827,    0.002003,    0.106269,    0.222151,
0.372298,    7.931497,    0.003114,    0.648947,    0.020114,    0.000891,    0.104560,    0.222375,
0.380959,    7.921231,    0.000776,    0.656360,    0.016582,    0.000223,    0.103528,    0.222531,
0.389620,    7.917866,    0.000000,    0.658843,    0.015388,    0.000000,    0.103183,    0.222586,
0.398282,    7.900678,    0.000769,    0.657865,    0.015786,    0.000219,    0.102984,    0.222376,
0.406944,    7.849285,    0.003077,    0.654883,    0.016995,    0.000863,    0.102409,    0.221773,
0.415606,    7.764207,    0.006935,    0.649738,    0.019058,    0.001887,    0.101519,    0.220863,
0.424268,    7.646365,    0.012372,    0.642152,    0.022053,    0.003214,    0.100428,    0.219781,
0.432930,    7.497184,    0.019452,    0.631722,    0.026096,    0.004735,    0.099307,    0.218688,
0.441592,    7.318764,    0.028310,    0.617943,    0.031311,    0.006304,    0.098401,    0.217730,
0.450254,    7.114139,    0.039199,    0.600253,    0.037788,    0.007743,    0.098045,    0.216971,
0.458916,    6.887573,    0.052562,    0.578091,    0.045515,    0.008852,    0.098678,    0.216301,
0.467578,    6.644844,    0.069126,    0.550914,    0.054328,    0.009430,    0.100854,    0.215347,
0.476240,    6.393460,    0.090010,    0.518133,    0.063889,    0.009311,    0.105249,    0.213408,
0.484902,    6.142777,    0.116790,    0.479006,    0.073710,    0.008411,    0.112650,    0.209433,
0.493564,    5.903983,    0.151413,    0.432649,    0.083184,    0.006815,    0.123883,    0.202055,
0.502226,    5.689753,    0.195653,    0.378463,    0.091625,    0.004873,    0.139574,    0.189812,
0.510888,    5.513014,    0.249755,    0.317262,    0.098383,    0.003249,    0.159606,    0.171744,
0.519550,    5.384097,    0.310527,    0.252695,    0.103194,    0.002722,    0.182424,    0.148438,
0.528212,    5.306633,    0.370767,    0.191183,    0.106692,    0.003636,    0.204944,    0.122779,
0.536874,    5.274941,    0.422088,    0.138997,    0.110537,    0.005491,    0.223747,    0.099141,
0.545536,    5.275832,    0.459094,    0.098954,    0.116704,    0.007276,    0.236634,    0.081338,
0.554198,    5.293764,    0.480841,    0.070146,    0.126451,    0.008201,    0.243106,    0.071256,
0.562860,    5.315610,    0.489515,    0.049926,    0.139772,    0.008059,    0.243890,    0.068838,
0.571522,    5.332964,    0.488688,    0.035640,    0.155542,    0.007094,    0.240381,    0.072655,
0.580184,    5.342187,    0.482091,    0.025298,    0.172105,    0.005708,    0.234210,    0.080588,
0.588846,    5.343193,    0.472875,    0.017603,    0.187905,    0.004247,    0.226890,    0.090481,
0.597508,    5.337913,    0.463274,    0.011768,    0.201855,    0.002924,    0.219588,    0.100591,
0.606170,    5.329028,    0.454639,    0.007339,    0.213379,    0.001837,    0.213070,    0.109736,
0.614832,    5.319176,    0.447656,    0.004057,    0.222274,    0.001012,    0.207773,    0.117227,
0.623494,    5.310548,    0.442610,    0.001784,    0.228540,    0.000442,    0.203912,    0.122713,
0.632156,    5.304737,    0.439581,    0.000443,    0.232251,    0.000109,    0.201575,    0.126040,
0.640818,    5.302695,    0.438574,    0.000000,    0.233479,    0.000000,    0.200794,    0.127153,
0.649473,    5.327004,    0.439179,    0.000524,    0.232048,    0.000004,    0.202503,    0.125741,
0.658128,    5.399860,    0.440946,    0.002193,    0.227684,    0.000066,    0.207581,    0.121529,
0.666783,    5.520911,    0.443753,    0.005260,    0.220181,    0.000326,    0.215879,    0.114602,
0.675438,    5.689114,    0.447501,    0.010034,    0.209227,    0.000987,    0.227123,    0.105127,
0.684093,    5.902100,    0.452236,    0.016726,    0.194457,    0.002267,    0.240902,    0.093411,
0.692749,    6.155390,    0.458248,    0.025272,    0.175513,    0.004322,    0.256645,    0.080000,
0.701404,    6.441623,    0.466026,    0.035194,    0.152165,    0.007149,    0.273572,    0.065893,
0.710059,    6.749965,    0.475891,    0.045553,    0.124590,    0.010496,    0.290535,    0.052936,
0.718714,    7.065989,    0.487192,    0.055053,    0.093964,    0.013769,    0.305695,    0.044327,
0.727369,    7.372510,    0.497233,    0.062354,    0.063355,    0.016036,    0.316248,    0.044773,
0.731411,    7.372510,    0.497233,    0.062354,    0.063355,    0.016036,    0.316248,    0.044773,
0.740075,    7.643613,    0.500855,    0.066628,    0.038784,    0.016278,    0.318872,    0.058583,
0.748739,    7.876682,    0.492605,    0.068698,    0.024960,    0.013975,    0.311630,    0.088132,
0.757403,    8.064475,    0.467502,    0.070584,    0.026165,    0.009319,    0.293915,    0.132516,
0.766068,    8.204430,    0.421348,    0.075756,    0.044390,    0.003648,    0.266165,    0.188693,
0.774732,    8.295152,    0.349144,    0.089714,    0.080144,    0.000128,    0.228461,    0.252409,
0.783396,    8.334533,    0.250657,    0.119258,    0.129801,    0.004027,    0.182800,    0.313456,
0.792060,    8.325668,    0.147872,    0.163176,    0.178631,    0.017178,    0.139645,    0.353498,
0.800724,    8.284635,    0.072966,    0.207210,    0.210662,    0.032222,    0.111178,    0.365762,
0.809388,    8.232121,    0.032008,    0.241782,    0.225072,    0.042541,    0.097726,    0.360870,
0.818053,    8.181407,    0.014391,    0.267510,    0.227994,    0.047731,    0.093820,    0.348555,
0.826717,    8.137560,    0.010615,    0.287696,    0.223955,    0.049484,    0.095286,    0.332964,
0.835381,    8.100866,    0.014867,    0.305019,    0.215454,    0.049192,    0.099705,    0.315761,
0.844045,    8.008897,    0.000000,    0.379289,    0.202927,    0.000000,    0.078064,    0.339720,
0.852709,    7.929320,    0.000000,    0.404531,    0.188262,    0.000000,    0.076774,    0.330433,
0.861373,    7.876071,    0.000000,    0.432251,    0.171800,    0.000000,    0.076003,    0.319946,
0.870038,    7.845732,    0.000000,    0.462175,    0.153631,    0.000000,    0.075891,    0.308303,
0.878702,    7.833982,    0.000000,    0.493582,    0.134139,    0.000000,    0.076526,    0.295753,
0.887366,    7.835848,    0.000000,    0.525210,    0.114070,    0.000000,    0.077920,    0.282800,
0.896030,    7.846199,    0.000000,    0.555346,    0.094495,    0.000000,    0.079982,    0.270177,
0.904694,    7.860395,    0.000000,    0.582212,    0.076572,    0.000000,    0.082539,    0.258677,
0.913358,    7.874892,    0.000000,    0.604496,    0.061209,    0.000000,    0.085370,    0.248924,
0.922023,    7.872999,    0.045012,    0.519148,    0.081356,    0.016079,    0.118468,    0.219937,
0.930687,    7.869671,    0.038201,    0.544269,    0.069366,    0.012904,    0.115713,    0.219548,
0.939351,    7.871194,    0.031046,    0.568188,    0.058068,    0.010027,    0.113004,    0.219667,
0.948015,    7.876653,    0.023966,    0.590317,    0.047663,    0.007471,    0.110496,    0.220087,
0.956679,    7.884800,    0.017330,    0.610100,    0.038370,    0.005255,    0.108293,    0.220653,
0.965343,    7.894202,    0.011454,    0.627031,    0.030407,    0.003401,    0.106458,    0.221251,
0.974008,    7.903396,    0.006603,    0.640675,    0.023976,    0.001931,    0.105022,    0.221793,
0.982672,    7.911052,    0.002986,    0.650680,    0.019250,    0.000864,    0.103999,    0.222221,
0.991336,    7.916103,    0.000754,    0.656789,    0.016360,    0.000217,    0.103387,    0.222493,
1.000000,    7.917866,    0.000000,    0.658843,    0.015388,    0.000000,    0.103183,    0.222586,
 
 
0.000000,    7.539880,    0.000000,    0.119056,    0.300739,    0.000000,    0.154376,    0.425829,
0.008655,    7.593531,    0.081240,    0.103564,    0.260773,    0.000284,    0.181501,    0.372638,
0.017310,    7.720328,    0.186727,    0.087786,    0.204611,    0.002399,    0.215385,    0.303091,
0.025965,    7.883008,    0.252920,    0.084971,    0.162749,    0.006508,    0.234274,    0.258578,
0.034620,    8.063431,    0.290856,    0.090778,    0.131835,    0.011553,    0.242137,    0.232842,
0.043275,    8.248873,    0.311027,    0.100973,    0.108663,    0.016327,    0.242713,    0.220297,
0.051930,    8.426795,    0.318762,    0.113065,    0.092282,    0.019695,    0.237851,    0.218345,
0.060585,    8.582493,    0.315238,    0.126401,    0.083728,    0.020585,    0.227889,    0.226159,
0.069240,    8.696458,    0.297468,    0.142658,    0.086274,    0.018063,    0.211717,    0.243821,
0.077895,    8.741666,    0.258786,    0.166439,    0.104814,    0.012066,    0.187241,    0.270654,
0.086550,    8.687990,    0.196816,    0.202383,    0.139607,    0.005040,    0.154871,    0.301283,
0.095205,    8.525896,    0.128018,    0.245989,    0.177262,    0.000900,    0.122336,    0.325495,
0.103861,    8.284996,    0.074489,    0.285715,    0.202940,    0.000023,    0.097701,    0.339132,
0.112516,    8.010859,    0.040653,    0.316443,    0.215484,    0.000262,    0.081281,    0.345877,
0.121171,    7.738892,    0.020890,    0.339156,    0.219868,    0.000432,    0.070210,    0.349443,
0.129826,    7.490874,    0.009804,    0.355859,    0.220096,    0.000371,    0.062372,    0.351497,
0.138481,    7.279316,    0.003968,    0.368021,    0.218470,    0.000215,    0.056683,    0.352642,
0.147136,    7.111077,    0.001251,    0.376607,    0.216276,    0.000085,    0.052617,    0.353165,
0.155791,    6.989609,    0.000247,    0.382277,    0.214267,    0.000019,    0.049888,    0.353301,
0.164446,    6.916402,    0.000015,    0.385491,    0.212898,    0.000001,    0.048322,    0.353273,
0.173101,    6.891965,    0.000000,    0.386530,    0.212415,    0.000000,    0.047811,    0.353243,
0.181762,    6.900103,    0.000000,    0.386945,    0.212147,    0.000000,    0.047912,    0.352995,
0.190422,    6.924387,    0.000000,    0.388213,    0.211328,    0.000000,    0.048219,    0.352241,
0.199083,    6.964429,    0.000000,    0.390399,    0.209908,    0.000000,    0.048740,    0.350954,
0.207744,    7.019564,    0.000000,    0.393615,    0.207807,    0.000000,    0.049491,    0.349086,
0.216405,    7.088823,    0.000000,    0.398025,    0.204906,    0.000000,    0.050498,    0.346571,
0.225065,    7.170899,    0.000000,    0.403848,    0.201044,    0.000000,    0.051792,    0.343316,
0.233726,    7.264087,    0.000000,    0.411361,    0.196018,    0.000000,    0.053418,    0.339203,
0.242387,    7.366222,    0.000000,    0.420896,    0.189581,    0.000000,    0.055429,    0.334094,
0.251048,    7.474589,    0.000000,    0.432832,    0.181449,    0.000000,    0.057891,    0.327829,
0.259708,    7.585839,    0.000000,    0.447547,    0.171329,    0.000000,    0.060872,    0.320252,
0.268369,    7.695930,    0.000000,    0.465341,    0.158978,    0.000000,    0.064432,    0.311250,
0.277030,    7.800143,    0.000000,    0.486280,    0.144302,    0.000000,    0.068596,    0.300822,
0.285691,    7.893298,    0.000000,    0.509989,    0.127515,    0.000000,    0.073315,    0.289181,
0.294351,    7.970273,    0.000000,    0.535453,    0.109283,    0.000000,    0.078418,    0.276845,
0.303012,    8.026893,    0.000000,    0.561018,    0.090746,    0.000000,    0.083603,    0.264634,
0.311673,    8.060993,    0.000000,    0.584746,    0.073282,    0.000000,    0.088482,    0.253489,
0.320334,    8.073150,    0.000000,    0.605070,    0.058060,    0.000000,    0.092710,    0.244160,
0.328994,    8.066631,    0.000000,    0.621284,    0.045666,    0.000000,    0.096093,    0.236957,
0.337655,    8.046524,    0.000000,    0.633556,    0.036074,    0.000000,    0.098618,    0.231752,
0.346316,    8.018567,    0.000000,    0.642547,    0.028885,    0.000000,    0.100400,    0.228168,
0.354977,    7.988186,    0.000000,    0.649005,    0.023615,    0.000000,    0.101602,    0.225778,
0.363637,    7.959948,    0.000000,    0.653536,    0.019855,    0.000000,    0.102379,    0.224229,
0.372298,    7.937359,    0.000000,    0.656548,    0.017328,    0.000000,    0.102852,    0.223272,
0.380959,    7.922856,    0.000000,    0.658278,    0.015867,    0.000000,    0.103104,    0.222752,
0.389620,    7.917866,    0.000000,    0.658843,    0.015388,    0.000000,    0.103183,    0.222586,
0.398282,    7.933096,    0.000000,    0.657544,    0.016254,    0.000000,    0.103376,    0.222826,
0.406944,    7.978628,    0.000000,    0.653686,    0.018828,    0.000000,    0.103944,    0.223542,
0.415606,    8.053989,    0.000000,    0.647380,    0.023045,    0.000000,    0.104850,    0.224726,
0.424268,    8.158423,    0.000000,    0.638801,    0.028798,    0.000000,    0.106039,    0.226362,
0.432930,    8.290916,    0.000000,    0.628173,    0.035954,    0.000000,    0.107443,    0.228430,
0.441592,    8.450247,    0.000000,    0.615750,    0.044359,    0.000000,    0.108982,    0.230909,
0.450254,    8.635025,    0.000000,    0.601802,    0.053847,    0.000000,    0.110577,    0.233773,
0.458916,    8.843737,    0.000000,    0.586598,    0.064254,    0.000000,    0.112152,    0.236996,
0.467578,    9.074782,    0.000000,    0.570392,    0.075421,    0.000000,    0.113635,    0.240552,
0.476240,    9.188158,    0.010306,    0.007919,    0.461756,    0.001262,    0.008364,    0.510392,
0.484902,    8.955801,    0.013670,    0.010942,    0.455804,    0.002154,    0.007730,    0.509700,
0.493564,    8.743054,    0.017598,    0.013708,    0.449310,    0.003391,    0.006522,    0.509471,
0.502226,    8.552432,    0.022209,    0.015884,    0.442173,    0.005017,    0.004852,    0.509865,
0.510888,    8.386420,    0.027767,    0.017277,    0.434072,    0.007068,    0.002947,    0.510869,
0.519550,    8.247780,    0.034750,    0.017835,    0.424432,    0.009577,    0.001182,    0.512223,
0.528212,    8.139674,    0.043899,    0.017631,    0.412455,    0.012548,    0.000096,    0.513371,
0.536874,    8.065510,    0.056175,    0.016818,    0.397230,    0.015922,    0.000377,    0.513478,
0.545536,    8.028444,    0.072562,    0.015591,    0.377979,    0.019526,    0.002765,    0.511576,
0.554198,    8.030522,    0.093691,    0.014141,    0.354409,    0.023030,    0.007834,    0.506894,
0.562860,    8.071666,    0.119436,    0.012615,    0.326992,    0.025959,    0.015730,    0.499269,
0.571522,    8.148928,    0.148778,    0.011091,    0.296948,    0.027778,    0.026040,    0.489366,
0.580184,    8.256358,    0.180116,    0.009578,    0.265865,    0.028026,    0.037925,    0.478490,
0.588846,    8.385505,    0.211781,    0.008034,    0.235238,    0.026426,    0.050418,    0.468103,
0.597508,    8.526126,    0.242371,    0.006415,    0.206235,    0.022951,    0.062663,    0.459365,
0.606170,    8.666768,    0.270718,    0.004716,    0.179788,    0.017881,    0.073987,    0.452911,
0.614832,    8.795200,    0.295613,    0.003013,    0.156870,    0.011871,    0.083814,    0.448819,
0.623494,    8.899018,    0.315522,    0.001486,    0.138742,    0.005997,    0.091553,    0.446700,
0.632156,    8.966882,    0.328598,    0.000398,    0.126929,    0.001627,    0.096569,    0.445879,
0.640818,    8.990526,    0.333185,    0.000000,    0.122803,    0.000000,    0.098315,    0.445697,
0.649473,    8.995734,    0.331487,    0.000251,    0.124105,    0.000001,    0.097368,    0.446787,
0.658128,    9.011518,    0.326311,    0.001049,    0.128080,    0.000015,    0.094502,    0.450043,
0.666783,    9.038374,    0.317410,    0.002536,    0.134929,    0.000083,    0.089638,    0.455404,
0.675438,    9.077176,    0.304362,    0.004997,    0.144985,    0.000293,    0.082655,    0.462708,
0.684093,    9.129240,    0.286564,    0.008942,    0.158687,    0.000831,    0.073416,    0.471561,
0.692749,    9.196368,    0.263251,    0.015291,    0.176491,    0.002087,    0.061834,    0.481046,
0.701404,    9.280721,    0.233569,    0.025792,    0.198600,    0.004910,    0.048033,    0.489095,
0.710059,    9.383939,    0.196737,    0.044021,    0.224213,    0.011282,    0.032718,    0.491028,
0.718714,    9.503456,    0.152190,    0.078029,    0.249496,    0.026237,    0.018106,    0.475942,
0.727369,    9.618903,    0.099475,    0.145401,    0.262630,    0.062603,    0.010717,    0.419174,
0.731411,    9.618903,    0.099475,    0.145401,    0.262630,    0.062603,    0.010717,    0.419174,
0.740075,    9.662414,    0.046417,    0.247914,    0.246455,    0.128851,    0.023764,    0.306600,
0.748739,    9.577085,    0.017783,    0.315512,    0.219794,    0.179354,    0.051146,    0.216411,
0.757403,    9.415792,    0.017441,    0.334201,    0.202618,    0.192533,    0.072987,    0.180220,
0.766068,    9.244956,    0.035988,    0.337267,    0.185690,    0.190637,    0.092401,    0.158016,
0.774732,    9.097501,    0.076014,    0.331740,    0.161422,    0.181348,    0.115949,    0.133528,
0.783396,    8.991861,    0.139489,    0.313646,    0.128863,    0.162781,    0.145477,    0.109744,
0.792060,    8.934498,    0.206563,    0.284723,    0.099489,    0.134387,    0.172532,    0.102306,
0.800724,    8.857623,    0.000000,    0.285997,    0.254687,    0.000000,    0.086757,    0.372560,
0.809388,    8.626378,    0.000000,    0.301002,    0.246519,    0.000000,    0.085202,    0.367277,
0.818053,    8.425622,    0.000000,    0.317603,    0.237466,    0.000000,    0.083427,    0.361504,
0.826717,    8.255921,    0.000000,    0.336024,    0.227327,    0.000000,    0.081551,    0.355097,
0.835381,    8.117253,    0.000000,    0.356509,    0.215887,    0.000000,    0.079712,    0.347892,
0.844045,    8.069523,    0.023442,    0.321316,    0.204013,    0.047652,    0.105538,    0.298038,
0.852709,    8.041260,    0.033656,    0.337848,    0.190751,    0.045268,    0.111632,    0.280845,
0.861373,    8.014270,    0.043460,    0.355466,    0.176558,    0.042257,    0.117086,    0.265173,
0.870038,    7.987660,    0.051405,    0.374672,    0.162093,    0.038776,    0.121281,    0.251774,
0.878702,    7.961505,    0.056665,    0.395660,    0.147761,    0.034983,    0.123912,    0.241019,
0.887366,    7.936627,    0.058985,    0.418360,    0.133748,    0.031034,    0.124964,    0.232909,
0.896030,    7.914238,    0.058526,    0.442506,    0.120100,    0.027071,    0.124631,    0.227166,
0.904694,    7.895582,    0.055697,    0.467694,    0.106807,    0.023208,    0.123218,    0.223376,
0.913358,    7.881650,    0.051014,    0.493427,    0.093874,    0.019525,    0.121059,    0.221101,
0.922023,    7.887537,    0.000000,    0.621731,    0.048806,    0.000000,    0.088271,    0.241192,
0.930687,    7.897455,    0.000000,    0.634279,    0.039243,    0.000000,    0.091085,    0.235392,
0.939351,    7.904661,    0.000000,    0.643004,    0.032078,    0.000000,    0.093711,    0.231206,
0.948015,    7.909619,    0.000000,    0.648890,    0.026774,    0.000000,    0.096086,    0.228249,
0.956679,    7.912910,    0.000000,    0.652796,    0.022858,    0.000000,    0.098169,    0.226177,
0.965343,    7.915049,    0.000000,    0.655368,    0.019976,    0.000000,    0.099926,    0.224730,
0.974008,    7.916417,    0.000000,    0.657040,    0.017897,    0.000000,    0.101329,    0.223734,
0.982672,    7.917260,    0.000000,    0.658084,    0.016484,    0.000000,    0.102352,    0.223080,
0.991336,    7.917720,    0.000000,    0.658659,    0.015659,    0.000000,    0.102974,    0.222708,
1.000000,    7.917866,    0.000000,    0.658843,    0.015388,    0.000000,    0.103183,    0.222586,
 
 
0.000000,   10.973235,    0.000000,    0.076899,    0.449345,    0.000000,    0.002859,    0.470898,
0.008655,   10.984920,    0.000000,    0.076325,    0.449413,    0.000158,    0.003106,    0.470998,
0.017310,   11.019554,    0.000002,    0.074503,    0.449675,    0.000598,    0.003820,    0.471402,
0.025965,   11.075856,    0.000015,    0.071008,    0.450329,    0.001204,    0.004931,    0.472514,
0.034620,   11.151513,    0.000082,    0.064496,    0.451829,    0.001706,    0.006396,    0.475491,
0.043275,   11.241869,    0.000478,    0.049904,    0.455223,    0.001399,    0.008590,    0.484406,
0.051930,   11.322156,    0.005440,    0.006274,    0.453103,    0.001912,    0.019012,    0.514259,
0.060585,   11.185450,    0.016270,    0.122284,    0.348211,    0.052417,    0.059002,    0.401816,
0.069240,   10.895741,    0.024871,    0.207536,    0.291017,    0.077994,    0.081524,    0.317058,
0.077895,   10.610118,    0.058159,    0.241557,    0.233927,    0.093678,    0.104925,    0.267753,
0.086550,   10.394570,    0.116392,    0.242981,    0.169211,    0.104512,    0.132120,    0.234783,
0.095205,   10.278092,    0.181745,    0.225337,    0.108233,    0.109352,    0.157244,    0.218089,
0.103861,   10.244311,    0.231813,    0.204642,    0.064392,    0.109247,    0.173475,    0.216432,
0.112516,   10.258087,    0.262352,    0.188391,    0.037704,    0.107212,    0.181380,    0.222961,
0.121171,   10.292577,    0.279309,    0.176902,    0.022275,    0.105021,    0.184469,    0.232025,
0.129826,   10.332734,    0.288344,    0.168887,    0.013401,    0.103217,    0.185307,    0.240844,
0.138481,   10.370824,    0.292972,    0.163298,    0.008298,    0.101874,    0.185248,    0.248309,
0.147136,   10.402878,    0.295203,    0.159466,    0.005396,    0.100937,    0.184927,    0.254071,
0.155791,   10.426816,    0.296181,    0.156977,    0.003803,    0.100331,    0.184614,    0.258094,
0.164446,   10.441536,    0.296550,    0.155577,    0.003017,    0.099994,    0.184408,    0.260454,
0.173101,   10.446497,    0.296640,    0.155125,    0.002782,    0.099886,    0.184338,    0.261230,
0.181762,   10.426247,    0.294622,    0.156341,    0.005269,    0.099053,    0.183929,    0.260786,
0.190422,   10.366772,    0.288750,    0.160001,    0.012382,    0.096626,    0.182746,    0.259496,
0.199083,   10.271658,    0.279509,    0.166137,    0.023179,    0.092812,    0.180897,    0.257466,
0.207744,   10.146194,    0.267543,    0.174808,    0.036389,    0.087889,    0.178523,    0.254848,
0.216405,    9.996618,    0.253503,    0.186097,    0.050683,    0.082161,    0.175749,    0.251807,
0.225065,    9.829447,    0.237948,    0.200105,    0.064873,    0.075906,    0.172668,    0.248500,
0.233726,    9.650994,    0.221313,    0.216940,    0.077992,    0.069361,    0.169327,    0.245067,
0.242387,    9.467081,    0.203918,    0.236690,    0.089312,    0.062715,    0.165738,    0.241628,
0.251048,    9.282893,    0.186009,    0.259397,    0.098306,    0.056115,    0.161891,    0.238283,
0.259708,    9.102916,    0.167794,    0.285020,    0.104624,    0.049675,    0.157770,    0.235117,
0.268369,    8.930919,    0.149481,    0.313402,    0.108068,    0.043482,    0.153366,    0.232200,
0.277030,    8.769935,    0.131297,    0.344235,    0.108581,    0.037601,    0.148695,    0.229592,
0.285691,    8.622262,    0.113491,    0.377045,    0.106244,    0.032085,    0.143798,    0.227336,
0.294351,    8.489453,    0.096334,    0.411201,    0.101281,    0.026971,    0.138750,    0.225463,
0.303012,    8.372345,    0.080097,    0.445932,    0.094049,    0.022284,    0.133653,    0.223985,
0.311673,    8.271101,    0.065027,    0.480387,    0.085021,    0.018039,    0.128627,    0.222899,
0.320334,    8.185303,    0.051334,    0.513687,    0.074759,    0.014244,    0.123798,    0.222179,
0.328994,    8.114070,    0.039171,    0.544988,    0.063870,    0.010900,    0.119287,    0.221783,
0.337655,    8.056205,    0.028634,    0.573528,    0.052975,    0.008007,    0.115202,    0.221654,
0.346316,    8.018567,    0.000000,    0.642547,    0.028885,    0.000000,    0.100400,    0.228168,
0.354977,    7.988186,    0.000000,    0.649005,    0.023615,    0.000000,    0.101602,    0.225778,
0.363637,    7.959948,    0.000000,    0.653536,    0.019855,    0.000000,    0.102379,    0.224229,
0.372298,    7.937359,    0.000000,    0.656548,    0.017328,    0.000000,    0.102852,    0.223272,
0.380959,    7.922856,    0.000000,    0.658278,    0.015867,    0.000000,    0.103104,    0.222752,
0.389620,    7.917866,    0.000000,    0.658843,    0.015388,    0.000000,    0.103183,    0.222586,
0.398282,    7.933096,    0.000000,    0.657544,    0.016254,    0.000000,    0.103376,    0.222826,
0.406944,    7.978628,    0.000000,    0.653686,    0.018828,    0.000000,    0.103944,    0.223542,
0.415606,    8.053989,    0.000000,    0.647380,    0.023045,    0.000000,    0.104850,    0.224726,
0.424268,    8.158423,    0.000000,    0.638801,    0.028798,    0.000000,    0.106039,    0.226362,
0.432930,    8.290916,    0.000000,    0.628173,    0.035954,    0.000000,    0.107443,    0.228430,
0.441592,    8.450247,    0.000000,    0.615750,    0.044359,    0.000000,    0.108982,    0.230909,
0.450254,    8.635025,    0.000000,    0.601802,    0.053847,    0.000000,    0.110577,    0.233773,
0.458916,    8.843737,    0.000000,    0.586598,    0.064254,    0.000000,    0.112152,    0.236996,
0.467578,    9.074782,    0.000000,    0.570392,    0.075421,    0.000000,    0.113635,    0.240552,
0.476240,    9.326503,    0.000000,    0.553415,    0.087201,    0.000000,    0.114965,    0.244419,
0.484902,    9.597203,    0.000000,    0.535872,    0.099466,    0.000000,    0.116088,    0.248574,
0.493564,    9.885162,    0.000000,    0.517935,    0.112104,    0.000000,    0.116960,    0.253001,
0.502226,   10.188634,    0.000000,    0.499740,    0.125025,    0.000000,    0.117544,    0.257690,
0.510888,   10.505842,    0.000000,    0.481394,    0.138161,    0.000000,    0.117809,    0.262636,
0.519550,   10.834961,    0.000000,    0.462969,    0.151464,    0.000000,    0.117724,    0.267843,
0.528212,   11.174092,    0.000000,    0.444504,    0.164911,    0.000000,    0.117262,    0.273323,
0.536874,   11.521222,    0.000000,    0.426006,    0.178501,    0.000000,    0.116391,    0.279102,
0.545536,   11.874172,    0.000000,    0.407450,    0.192260,    0.000000,    0.115072,    0.285218,
0.554198,   12.230518,    0.000000,    0.388775,    0.206239,    0.000000,    0.113258,    0.291727,
0.562860,   12.587481,    0.000000,    0.369890,    0.220521,    0.000000,    0.110887,    0.298702,
0.571522,   12.941774,    0.000000,    0.350667,    0.235212,    0.000000,    0.107886,    0.306235,
0.580184,   13.289367,    0.000000,    0.330961,    0.250443,    0.000000,    0.104164,    0.314431,
0.588846,   13.625159,    0.000000,    0.310637,    0.266338,    0.000000,    0.099632,    0.323393,
0.597508,   13.942501,    0.000000,    0.289648,    0.282950,    0.000000,    0.094229,    0.333174,
0.606170,   13.908906,    0.039169,    0.070421,    0.279345,    0.355203,    0.009887,    0.245976,
0.614832,   13.693239,    0.024561,    0.072812,    0.293868,    0.363129,    0.006365,    0.239265,
0.623494,   13.529074,    0.011922,    0.074870,    0.306101,    0.370321,    0.003148,    0.233638,
0.632156,   13.425771,    0.003159,    0.076292,    0.314429,    0.375460,    0.000844,    0.229816,
0.640818,   13.390440,    0.000000,    0.076804,    0.317404,    0.377340,    0.000000,    0.228453,
0.649473,   13.300154,    0.000001,    0.091429,    0.314168,    0.357138,    0.006342,    0.230922,
0.658128,   13.074024,    0.000014,    0.119312,    0.306608,    0.321167,    0.018499,    0.234399,
0.666783,   12.778563,    0.000039,    0.144906,    0.297558,    0.291247,    0.029935,    0.236314,
0.675438,   12.451779,    0.000087,    0.165326,    0.288432,    0.268939,    0.039623,    0.237593,
0.684093,   12.112432,    0.000203,    0.180894,    0.279961,    0.251485,    0.047925,    0.239533,
0.692749,   11.771294,    0.000510,    0.191787,    0.272711,    0.236446,    0.055225,    0.243322,
0.701404,   11.436539,    0.001292,    0.197273,    0.267380,    0.221769,    0.061757,    0.250529,
0.710059,   11.117056,    0.003208,    0.194812,    0.265277,    0.204924,    0.067528,    0.264251,
0.718714,   10.827279,    0.007880,    0.177499,    0.269678,    0.180868,    0.071822,    0.292252,
0.727369,   10.600711,    0.018967,    0.128871,    0.289820,    0.137226,    0.070735,    0.354381,
0.731411,   10.600711,    0.018967,    0.128871,    0.289820,    0.137226,    0.070735,    0.354381,
0.740075,   10.517831,    0.035468,    0.047016,    0.336841,    0.066311,    0.054398,    0.459966,
0.748739,   10.638862,    0.037588,    0.002007,    0.387258,    0.013837,    0.031018,    0.528293,
0.757403,   10.419717,    0.000000,    0.228931,    0.287605,    0.000000,    0.088653,    0.394810,
0.766068,   10.059990,    0.000000,    0.238363,    0.281677,    0.000000,    0.089202,    0.390758,
0.774732,    9.721526,    0.000000,    0.248693,    0.275521,    0.000000,    0.089263,    0.386524,
0.783396,    9.406885,    0.000000,    0.259997,    0.269046,    0.000000,    0.088850,    0.382106,
0.792060,    9.118291,    0.000000,    0.272385,    0.262145,    0.000000,    0.087997,    0.377473,
0.800724,    8.914814,    0.246751,    0.259141,    0.086905,    0.104182,    0.185939,    0.117082,
0.809388,    8.914735,    0.255151,    0.246223,    0.090217,    0.079207,    0.185849,    0.143353,
0.818053,    8.921543,    0.243057,    0.245092,    0.102070,    0.060164,    0.177910,    0.171707,
0.826717,    8.929361,    0.220238,    0.252262,    0.117101,    0.045556,    0.166295,    0.198547,
0.835381,    8.936286,    0.192446,    0.264999,    0.132288,    0.034096,    0.153314,    0.222856,
0.844045,    8.942134,    0.163101,    0.281561,    0.145802,    0.025012,    0.140346,    0.244178,
0.852709,    8.947066,    0.134473,    0.300921,    0.156366,    0.017869,    0.128373,    0.261999,
0.861373,    8.950732,    0.108149,    0.322579,    0.163018,    0.012380,    0.118150,    0.275724,
0.870038,    8.951759,    0.085127,    0.346432,    0.165094,    0.008300,    0.110185,    0.284863,
0.878702,    8.947561,    0.065821,    0.372633,    0.162260,    0.005376,    0.104705,    0.289205,
0.887366,    8.934478,    0.050145,    0.401369,    0.154569,    0.003357,    0.101642,    0.288918,
0.896030,    8.908211,    0.037681,    0.432569,    0.142502,    0.002012,    0.100676,    0.284560,
0.904694,    8.864597,    0.027863,    0.465610,    0.127025,    0.001150,    0.101280,    0.277072,
0.913358,    8.800654,    0.020145,    0.499196,    0.109542,    0.000621,    0.102793,    0.267703,
0.922023,    8.715702,    0.014093,    0.531565,    0.091675,    0.000312,    0.104534,    0.257822,
0.930687,    8.612091,    0.009405,    0.561023,    0.074861,    0.000145,    0.105950,    0.248616,
0.939351,    8.495123,    0.005884,    0.586455,    0.060027,    0.000061,    0.106732,    0.240840,
0.948015,    8.372176,    0.003374,    0.607491,    0.047531,    0.000023,    0.106829,    0.234753,
0.956679,    8.251465,    0.001717,    0.624308,    0.037338,    0.000008,    0.106373,    0.230256,
0.965343,    8.140938,    0.000736,    0.637329,    0.029267,    0.000002,    0.105584,    0.227082,
0.974008,    8.047542,    0.000241,    0.646993,    0.023134,    0.000001,    0.104695,    0.224936,
0.982672,    7.976832,    0.000049,    0.653654,    0.018815,    0.000000,    0.103907,    0.223575,
0.991336,    7.932807,    0.000003,    0.657557,    0.016243,    0.000000,    0.103372,    0.222825,
1.000000,    7.917866,    0.000000,    0.658843,    0.015388,    0.000000,    0.103183,    0.222586,
 
 
